Nombre del Empleado,Cargo,Sucursal,Tel√©fono
Empleado 1,Gerente,Nashua,31612996
Empleado 2,Contabilidad,Stamford,34722208
Empleado 3,Ejecutivo de Ventas,Utica,33007576
Empleado 4,Contabilidad,Nashua,32843370
Empleado 5,Contabilidad,Nashua,36477082
Empleado 6,Ejecutivo de Ventas,Utica,37763189
Empleado 7,Soporte,Stamford,37026621
Empleado 8,Ejecutivo de Ventas,Nashua,33777708
Empleado 9,Soporte,Nashua,31995111
Empleado 10,Contabilidad,Utica,37199386
Empleado 11,Ejecutivo de Ventas,Utica,39798796
Empleado 12,Gerente,Stamford,31653828
Empleado 13,Gerente,Nashua,36528610
Empleado 14,Soporte,Utica,35724981
Empleado 15,Gerente,Stamford,37132969
Empleado 16,Soporte,Utica,38806697
Empleado 17,Soporte,Nashua,39860399
Empleado 18,Gerente,Utica,39188527
Empleado 19,Soporte,Stamford,31999278
Empleado 20,Contabilidad,Stamford,31618088
Empleado 21,Soporte,Stamford,32344220
Empleado 22,Ejecutivo de Ventas,Utica,38549231
Empleado 23,Soporte,Scranton,39863587
Empleado 24,Contabilidad,Utica,39466010
Empleado 25,Contabilidad,Nashua,34912084
Empleado 26,Ejecutivo de Ventas,Stamford,33589840
Empleado 27,Ejecutivo de Ventas,Scranton,33595908
Empleado 28,Ejecutivo de Ventas,Utica,36054548
Empleado 29,Contabilidad,Stamford,36703736
Empleado 30,Soporte,Stamford,32935958
Empleado 31,Ejecutivo de Ventas,Utica,33988344
Empleado 32,Soporte,Utica,33919477
Empleado 33,Gerente,Stamford,32219300
Empleado 34,Soporte,Stamford,35314478
Empleado 35,Gerente,Scranton,36597408
Empleado 36,Gerente,Scranton,36186504
Empleado 37,Ejecutivo de Ventas,Utica,36096083
Empleado 38,Contabilidad,Utica,39572018
Empleado 39,Contabilidad,Utica,33700551
Empleado 40,Soporte,Nashua,39710432
Empleado 41,Ejecutivo de Ventas,Scranton,34774338
Empleado 42,Ejecutivo de Ventas,Scranton,33199910
Empleado 43,Soporte,Utica,31635334
Empleado 44,Ejecutivo de Ventas,Stamford,39169564
Empleado 45,Ejecutivo de Ventas,Stamford,39972584
Empleado 46,Gerente,Stamford,34505622
Empleado 47,Gerente,Utica,32452174
Empleado 48,Soporte,Scranton,34986171
Empleado 49,Gerente,Scranton,38782413
Empleado 50,Soporte,Scranton,33544387
Empleado 51,Ejecutivo de Ventas,Utica,38454324
Empleado 52,Ejecutivo de Ventas,Scranton,32768015
Empleado 53,Contabilidad,Stamford,38071280
Empleado 54,Ejecutivo de Ventas,Utica,31814422
Empleado 55,Gerente,Stamford,38288098
Empleado 56,Ejecutivo de Ventas,Scranton,38086439
Empleado 57,Ejecutivo de Ventas,Utica,31716266
Empleado 58,Contabilidad,Stamford,39330668
Empleado 59,Gerente,Stamford,35776448
Empleado 60,Ejecutivo de Ventas,Scranton,38720774
Empleado 61,Contabilidad,Stamford,33423366
Empleado 62,Ejecutivo de Ventas,Stamford,31439659
Empleado 63,Soporte,Utica,38437991
Empleado 64,Contabilidad,Scranton,38890084
Empleado 65,Soporte,Nashua,34543797
Empleado 66,Soporte,Stamford,38802283
Empleado 67,Contabilidad,Nashua,39865807
Empleado 68,Gerente,Stamford,33343637
Empleado 69,Gerente,Scranton,38015945
Empleado 70,Ejecutivo de Ventas,Stamford,36422109
Empleado 71,Gerente,Nashua,38011701
Empleado 72,Ejecutivo de Ventas,Scranton,37564647
Empleado 73,Ejecutivo de Ventas,Stamford,33849670
Empleado 74,Ejecutivo de Ventas,Nashua,36540121
Empleado 75,Ejecutivo de Ventas,Scranton,33174088
Empleado 76,Contabilidad,Scranton,31861953
Empleado 77,Soporte,Stamford,34105964
Empleado 78,Gerente,Scranton,35837192
Empleado 79,Contabilidad,Stamford,36694448
Empleado 80,Gerente,Utica,32141083
Empleado 81,Ejecutivo de Ventas,Stamford,31064726
Empleado 82,Gerente,Utica,39612862
Empleado 83,Soporte,Nashua,35034926
Empleado 84,Soporte,Stamford,32745313
Empleado 85,Ejecutivo de Ventas,Stamford,38345141
Empleado 86,Contabilidad,Scranton,38974494
Empleado 87,Soporte,Nashua,34618664
Empleado 88,Gerente,Scranton,31670526
Empleado 89,Gerente,Scranton,39785761
Empleado 90,Soporte,Utica,38685443
Empleado 91,Gerente,Scranton,33909806
Empleado 92,Ejecutivo de Ventas,Scranton,31388403
Empleado 93,Gerente,Scranton,36663349
Empleado 94,Soporte,Nashua,35839947
Empleado 95,Contabilidad,Utica,37904674
Empleado 96,Contabilidad,Utica,31216106
Empleado 97,Gerente,Nashua,38155839
Empleado 98,Contabilidad,Scranton,38404898
Empleado 99,Contabilidad,Scranton,34368783
Empleado 100,Gerente,Nashua,34867384
Empleado 101,Contabilidad,Nashua,37930695
Empleado 102,Ejecutivo de Ventas,Scranton,31264687
Empleado 103,Contabilidad,Scranton,39861675
Empleado 104,Contabilidad,Scranton,38131984
Empleado 105,Gerente,Stamford,39645661
Empleado 106,Ejecutivo de Ventas,Nashua,32685617
Empleado 107,Ejecutivo de Ventas,Stamford,34503026
Empleado 108,Ejecutivo de Ventas,Stamford,37771181
Empleado 109,Gerente,Nashua,35123585
Empleado 110,Gerente,Stamford,37953364
Empleado 111,Gerente,Stamford,31212976
Empleado 112,Ejecutivo de Ventas,Nashua,36762455
Empleado 113,Gerente,Nashua,32854554
Empleado 114,Soporte,Nashua,33843397
Empleado 115,Soporte,Stamford,38305982
Empleado 116,Ejecutivo de Ventas,Stamford,38438090
Empleado 117,Contabilidad,Stamford,33099656
Empleado 118,Soporte,Utica,31098451
Empleado 119,Gerente,Stamford,35004568
Empleado 120,Gerente,Utica,33630200
Empleado 121,Ejecutivo de Ventas,Stamford,32795988
Empleado 122,Gerente,Stamford,36116648
Empleado 123,Soporte,Scranton,34245427
Empleado 124,Ejecutivo de Ventas,Nashua,34383494
Empleado 125,Ejecutivo de Ventas,Nashua,34465698
Empleado 126,Gerente,Utica,39653863
Empleado 127,Ejecutivo de Ventas,Nashua,35528748
Empleado 128,Soporte,Scranton,36032346
Empleado 129,Ejecutivo de Ventas,Stamford,39857254
Empleado 130,Ejecutivo de Ventas,Stamford,39740442
Empleado 131,Ejecutivo de Ventas,Scranton,34177697
Empleado 132,Gerente,Scranton,37879792
Empleado 133,Contabilidad,Nashua,35830630
Empleado 134,Contabilidad,Stamford,31953045
Empleado 135,Ejecutivo de Ventas,Scranton,31322316
Empleado 136,Ejecutivo de Ventas,Utica,33695519
Empleado 137,Soporte,Utica,35453401
Empleado 138,Contabilidad,Nashua,32690057
Empleado 139,Ejecutivo de Ventas,Utica,33109178
Empleado 140,Gerente,Utica,35321005
Empleado 141,Gerente,Stamford,31395904
Empleado 142,Ejecutivo de Ventas,Stamford,32945099
Empleado 143,Soporte,Utica,36286308
Empleado 144,Contabilidad,Scranton,36190961
Empleado 145,Ejecutivo de Ventas,Utica,39805119
Empleado 146,Contabilidad,Utica,36443403
Empleado 147,Gerente,Nashua,35439311
Empleado 148,Soporte,Stamford,37942636
Empleado 149,Soporte,Nashua,38661472
Empleado 150,Ejecutivo de Ventas,Nashua,31925270
Empleado 151,Gerente,Nashua,31166664
Empleado 152,Ejecutivo de Ventas,Nashua,33774936
Empleado 153,Ejecutivo de Ventas,Stamford,38875609
Empleado 154,Gerente,Utica,38893467
Empleado 155,Soporte,Utica,33503955
Empleado 156,Soporte,Nashua,39019583
Empleado 157,Soporte,Stamford,31284458
Empleado 158,Ejecutivo de Ventas,Scranton,36027398
Empleado 159,Soporte,Nashua,36041090
Empleado 160,Gerente,Scranton,33857838
Empleado 161,Contabilidad,Utica,38084988
Empleado 162,Soporte,Scranton,36600243
Empleado 163,Gerente,Scranton,31681329
Empleado 164,Gerente,Stamford,31587245
Empleado 165,Ejecutivo de Ventas,Stamford,38170183
Empleado 166,Ejecutivo de Ventas,Utica,36880343
Empleado 167,Ejecutivo de Ventas,Scranton,31126610
Empleado 168,Gerente,Nashua,36250018
Empleado 169,Soporte,Utica,33032255
Empleado 170,Ejecutivo de Ventas,Utica,35444820
Empleado 171,Gerente,Utica,31410999
Empleado 172,Contabilidad,Nashua,33023686
Empleado 173,Gerente,Nashua,37310584
Empleado 174,Contabilidad,Utica,31884452
Empleado 175,Gerente,Stamford,35253454
Empleado 176,Soporte,Utica,32672058
Empleado 177,Gerente,Stamford,39932457
Empleado 178,Soporte,Utica,33117292
Empleado 179,Contabilidad,Utica,33940103
Empleado 180,Gerente,Utica,39490245
Empleado 181,Ejecutivo de Ventas,Utica,39810521
Empleado 182,Contabilidad,Scranton,39461727
Empleado 183,Gerente,Utica,34392449
Empleado 184,Contabilidad,Utica,33167412
Empleado 185,Soporte,Scranton,35856737
Empleado 186,Contabilidad,Nashua,38934018
Empleado 187,Contabilidad,Nashua,38239515
Empleado 188,Ejecutivo de Ventas,Utica,35731836
Empleado 189,Ejecutivo de Ventas,Stamford,33510507
Empleado 190,Soporte,Stamford,32077474
Empleado 191,Contabilidad,Utica,34149997
Empleado 192,Contabilidad,Nashua,37147493
Empleado 193,Contabilidad,Stamford,34034244
Empleado 194,Soporte,Utica,33020488
Empleado 195,Gerente,Scranton,32728651
Empleado 196,Ejecutivo de Ventas,Stamford,36186756
Empleado 197,Ejecutivo de Ventas,Scranton,34917931
Empleado 198,Ejecutivo de Ventas,Nashua,36844001
Empleado 199,Contabilidad,Scranton,32406764
Empleado 200,Gerente,Stamford,35778178
Empleado 201,Ejecutivo de Ventas,Utica,39777444
Empleado 202,Gerente,Stamford,37718069
Empleado 203,Soporte,Nashua,38210214
Empleado 204,Contabilidad,Stamford,37805549
Empleado 205,Contabilidad,Nashua,33580434
Empleado 206,Soporte,Stamford,34579420
Empleado 207,Soporte,Scranton,36507292
Empleado 208,Soporte,Nashua,34910081
Empleado 209,Ejecutivo de Ventas,Nashua,37201938
Empleado 210,Ejecutivo de Ventas,Stamford,39635109
Empleado 211,Gerente,Nashua,34688144
Empleado 212,Ejecutivo de Ventas,Utica,33784651
Empleado 213,Soporte,Utica,34618242
Empleado 214,Ejecutivo de Ventas,Utica,39921894
Empleado 215,Soporte,Nashua,37777365
Empleado 216,Contabilidad,Stamford,36564812
Empleado 217,Gerente,Scranton,31103974
Empleado 218,Gerente,Scranton,32449125
Empleado 219,Gerente,Nashua,39335139
Empleado 220,Contabilidad,Utica,35456445
Empleado 221,Soporte,Stamford,34402530
Empleado 222,Soporte,Scranton,38521583
Empleado 223,Ejecutivo de Ventas,Utica,36823285
Empleado 224,Gerente,Scranton,37511550
Empleado 225,Soporte,Scranton,39678344
Empleado 226,Soporte,Utica,37688547
Empleado 227,Soporte,Nashua,36936353
Empleado 228,Ejecutivo de Ventas,Stamford,34466961
Empleado 229,Gerente,Utica,38243252
Empleado 230,Gerente,Nashua,37908642
Empleado 231,Gerente,Nashua,37353407
Empleado 232,Ejecutivo de Ventas,Scranton,35026553
Empleado 233,Ejecutivo de Ventas,Stamford,34823962
Empleado 234,Contabilidad,Scranton,33734190
Empleado 235,Ejecutivo de Ventas,Nashua,32131190
Empleado 236,Ejecutivo de Ventas,Nashua,39662225
Empleado 237,Contabilidad,Scranton,38459167
Empleado 238,Ejecutivo de Ventas,Stamford,33086119
Empleado 239,Contabilidad,Stamford,34557294
Empleado 240,Gerente,Scranton,38704852
Empleado 241,Soporte,Stamford,38403922
Empleado 242,Ejecutivo de Ventas,Utica,32062899
Empleado 243,Contabilidad,Stamford,33973969
Empleado 244,Soporte,Nashua,36464968
Empleado 245,Contabilidad,Utica,37719325
Empleado 246,Ejecutivo de Ventas,Utica,34371415
Empleado 247,Soporte,Stamford,32909990
Empleado 248,Contabilidad,Utica,35361153
Empleado 249,Ejecutivo de Ventas,Nashua,39207262
Empleado 250,Ejecutivo de Ventas,Scranton,32555602
Empleado 251,Ejecutivo de Ventas,Stamford,37471456
Empleado 252,Ejecutivo de Ventas,Utica,36085909
Empleado 253,Ejecutivo de Ventas,Utica,34058504
Empleado 254,Ejecutivo de Ventas,Nashua,33727909
Empleado 255,Contabilidad,Utica,38275634
Empleado 256,Ejecutivo de Ventas,Scranton,36882087
Empleado 257,Gerente,Scranton,33623960
Empleado 258,Gerente,Nashua,38885526
Empleado 259,Ejecutivo de Ventas,Utica,31720455
Empleado 260,Contabilidad,Scranton,32592281
Empleado 261,Ejecutivo de Ventas,Stamford,34739265
Empleado 262,Contabilidad,Nashua,38229237
Empleado 263,Soporte,Scranton,37800521
Empleado 264,Gerente,Nashua,34610313
Empleado 265,Contabilidad,Utica,34105739
Empleado 266,Contabilidad,Stamford,35395223
Empleado 267,Contabilidad,Nashua,31129487
Empleado 268,Gerente,Utica,34729266
Empleado 269,Contabilidad,Scranton,32389148
Empleado 270,Ejecutivo de Ventas,Nashua,34176356
Empleado 271,Contabilidad,Scranton,31258817
Empleado 272,Soporte,Stamford,35793707
Empleado 273,Gerente,Stamford,32836336
Empleado 274,Ejecutivo de Ventas,Utica,35986453
Empleado 275,Soporte,Utica,35428265
Empleado 276,Contabilidad,Nashua,37325672
Empleado 277,Contabilidad,Utica,36707912
Empleado 278,Gerente,Utica,38523677
Empleado 279,Soporte,Scranton,35191008
Empleado 280,Contabilidad,Scranton,35299158
Empleado 281,Gerente,Utica,33387495
Empleado 282,Gerente,Nashua,37505893
Empleado 283,Gerente,Nashua,33672269
Empleado 284,Ejecutivo de Ventas,Scranton,37683505
Empleado 285,Soporte,Nashua,39160660
Empleado 286,Ejecutivo de Ventas,Scranton,35568213
Empleado 287,Soporte,Scranton,34224079
Empleado 288,Gerente,Nashua,35021507
Empleado 289,Gerente,Nashua,37405419
Empleado 290,Gerente,Utica,37502019
Empleado 291,Soporte,Utica,39567917
Empleado 292,Gerente,Scranton,33588827
Empleado 293,Soporte,Stamford,35475877
Empleado 294,Ejecutivo de Ventas,Stamford,36392943
Empleado 295,Soporte,Scranton,39581461
Empleado 296,Contabilidad,Scranton,35140016
Empleado 297,Ejecutivo de Ventas,Nashua,32411298
Empleado 298,Gerente,Nashua,32229929
Empleado 299,Gerente,Utica,39338452
Empleado 300,Ejecutivo de Ventas,Scranton,36311861
Empleado 301,Soporte,Utica,35193320
Empleado 302,Gerente,Scranton,31125110
Empleado 303,Gerente,Utica,31688527
Empleado 304,Soporte,Utica,38629788
Empleado 305,Gerente,Scranton,37058775
Empleado 306,Gerente,Stamford,39163936
Empleado 307,Soporte,Nashua,38440094
Empleado 308,Ejecutivo de Ventas,Stamford,36139404
Empleado 309,Gerente,Stamford,36179601
Empleado 310,Gerente,Utica,38975928
Empleado 311,Soporte,Scranton,34889530
Empleado 312,Ejecutivo de Ventas,Stamford,33797437
Empleado 313,Gerente,Stamford,37905173
Empleado 314,Ejecutivo de Ventas,Scranton,36595931
Empleado 315,Contabilidad,Nashua,38839493
Empleado 316,Ejecutivo de Ventas,Nashua,32016781
Empleado 317,Ejecutivo de Ventas,Scranton,38880440
Empleado 318,Ejecutivo de Ventas,Utica,37988133
Empleado 319,Contabilidad,Scranton,33576217
Empleado 320,Contabilidad,Utica,39350514
Empleado 321,Contabilidad,Utica,36818441
Empleado 322,Gerente,Nashua,35706350
Empleado 323,Gerente,Nashua,33652263
Empleado 324,Gerente,Stamford,37025798
Empleado 325,Contabilidad,Stamford,36166025
Empleado 326,Ejecutivo de Ventas,Scranton,36523364
Empleado 327,Ejecutivo de Ventas,Scranton,37816017
Empleado 328,Ejecutivo de Ventas,Nashua,39683590
Empleado 329,Gerente,Nashua,34680313
Empleado 330,Gerente,Stamford,35174146
Empleado 331,Gerente,Nashua,32495670
Empleado 332,Soporte,Utica,39296732
Empleado 333,Ejecutivo de Ventas,Scranton,34056679
Empleado 334,Contabilidad,Scranton,34533512
Empleado 335,Soporte,Stamford,32579013
Empleado 336,Ejecutivo de Ventas,Nashua,33831346
Empleado 337,Ejecutivo de Ventas,Stamford,31049301
Empleado 338,Contabilidad,Stamford,38681883
Empleado 339,Ejecutivo de Ventas,Nashua,33013345
Empleado 340,Gerente,Nashua,31575281
Empleado 341,Contabilidad,Utica,32042977
Empleado 342,Ejecutivo de Ventas,Utica,32359693
Empleado 343,Gerente,Utica,31309403
Empleado 344,Ejecutivo de Ventas,Stamford,34293446
Empleado 345,Contabilidad,Scranton,32083072
Empleado 346,Ejecutivo de Ventas,Utica,39358696
Empleado 347,Contabilidad,Scranton,38982932
Empleado 348,Contabilidad,Utica,31895877
Empleado 349,Soporte,Nashua,32339346
Empleado 350,Contabilidad,Scranton,39132349
Empleado 351,Ejecutivo de Ventas,Stamford,34235340
Empleado 352,Ejecutivo de Ventas,Utica,39383151
Empleado 353,Ejecutivo de Ventas,Stamford,33452612
Empleado 354,Soporte,Scranton,31930694
Empleado 355,Gerente,Scranton,38371047
Empleado 356,Ejecutivo de Ventas,Scranton,35943166
Empleado 357,Soporte,Nashua,37387563
Empleado 358,Soporte,Nashua,31663629
Empleado 359,Soporte,Utica,36308987
Empleado 360,Gerente,Nashua,31445364
Empleado 361,Ejecutivo de Ventas,Utica,33414766
Empleado 362,Soporte,Nashua,39129472
Empleado 363,Gerente,Nashua,37372674
Empleado 364,Contabilidad,Utica,39410605
Empleado 365,Gerente,Utica,39738258
Empleado 366,Gerente,Nashua,31311599
Empleado 367,Contabilidad,Stamford,37161383
Empleado 368,Soporte,Utica,35846749
Empleado 369,Contabilidad,Stamford,32401774
Empleado 370,Ejecutivo de Ventas,Nashua,32902439
Empleado 371,Soporte,Utica,32091128
Empleado 372,Gerente,Stamford,38794627
Empleado 373,Ejecutivo de Ventas,Nashua,32091182
Empleado 374,Ejecutivo de Ventas,Utica,31292953
Empleado 375,Soporte,Stamford,34482700
Empleado 376,Contabilidad,Nashua,31072017
Empleado 377,Soporte,Nashua,35376521
Empleado 378,Gerente,Utica,32370880
Empleado 379,Contabilidad,Scranton,32605418
Empleado 380,Ejecutivo de Ventas,Stamford,33031345
Empleado 381,Contabilidad,Stamford,32346055
Empleado 382,Soporte,Utica,31135002
Empleado 383,Gerente,Stamford,32632324
Empleado 384,Soporte,Utica,39209861
Empleado 385,Soporte,Scranton,35096695
Empleado 386,Contabilidad,Utica,33922882
Empleado 387,Gerente,Nashua,32056089
Empleado 388,Contabilidad,Scranton,31693270
Empleado 389,Ejecutivo de Ventas,Stamford,35003502
Empleado 390,Contabilidad,Utica,35789685
Empleado 391,Soporte,Scranton,34677744
Empleado 392,Ejecutivo de Ventas,Stamford,37777196
Empleado 393,Gerente,Nashua,37058765
Empleado 394,Gerente,Stamford,39516244
Empleado 395,Gerente,Stamford,34318110
Empleado 396,Ejecutivo de Ventas,Stamford,32703617
Empleado 397,Gerente,Scranton,35871598
Empleado 398,Soporte,Stamford,36250434
Empleado 399,Gerente,Utica,31758139
Empleado 400,Ejecutivo de Ventas,Nashua,38419065
Empleado 401,Contabilidad,Scranton,32147934
Empleado 402,Soporte,Nashua,31488513
Empleado 403,Gerente,Stamford,34239308
Empleado 404,Gerente,Stamford,34324233
Empleado 405,Gerente,Nashua,35689176
Empleado 406,Contabilidad,Nashua,33424264
Empleado 407,Gerente,Scranton,34541579
Empleado 408,Soporte,Scranton,35696639
Empleado 409,Ejecutivo de Ventas,Nashua,37500977
Empleado 410,Ejecutivo de Ventas,Utica,31200874
Empleado 411,Soporte,Nashua,33019576
Empleado 412,Gerente,Scranton,33297211
Empleado 413,Gerente,Scranton,31354636
Empleado 414,Contabilidad,Stamford,32431556
Empleado 415,Ejecutivo de Ventas,Scranton,37242308
Empleado 416,Ejecutivo de Ventas,Stamford,35469815
Empleado 417,Contabilidad,Scranton,35236773
Empleado 418,Soporte,Stamford,36343741
Empleado 419,Ejecutivo de Ventas,Scranton,34592314
Empleado 420,Gerente,Scranton,31301829
Empleado 421,Contabilidad,Stamford,37703714
Empleado 422,Soporte,Scranton,39076022
Empleado 423,Ejecutivo de Ventas,Stamford,34414598
Empleado 424,Gerente,Nashua,36782742
Empleado 425,Soporte,Stamford,39585558
Empleado 426,Contabilidad,Utica,39978215
Empleado 427,Soporte,Scranton,31971477
Empleado 428,Gerente,Scranton,31387052
Empleado 429,Ejecutivo de Ventas,Utica,36435340
Empleado 430,Gerente,Scranton,34939347
Empleado 431,Ejecutivo de Ventas,Nashua,39030606
Empleado 432,Gerente,Stamford,31029393
Empleado 433,Soporte,Scranton,33345841
Empleado 434,Contabilidad,Utica,32712229
Empleado 435,Ejecutivo de Ventas,Scranton,31365820
Empleado 436,Contabilidad,Stamford,39348073
Empleado 437,Ejecutivo de Ventas,Nashua,33922482
Empleado 438,Gerente,Scranton,33282771
Empleado 439,Contabilidad,Nashua,31341181
Empleado 440,Contabilidad,Utica,35438588
Empleado 441,Soporte,Utica,36693175
Empleado 442,Gerente,Scranton,38059171
Empleado 443,Soporte,Stamford,36549846
Empleado 444,Gerente,Nashua,33608944
Empleado 445,Gerente,Scranton,38634842
Empleado 446,Gerente,Scranton,34645075
Empleado 447,Soporte,Nashua,37484867
Empleado 448,Gerente,Nashua,37346140
Empleado 449,Soporte,Utica,32153750
Empleado 450,Contabilidad,Stamford,38362862
Empleado 451,Soporte,Nashua,32418975
Empleado 452,Contabilidad,Scranton,36029335
Empleado 453,Contabilidad,Nashua,38818580
Empleado 454,Soporte,Nashua,33080104
Empleado 455,Soporte,Stamford,34237784
Empleado 456,Gerente,Scranton,39717325
Empleado 457,Gerente,Scranton,37266594
Empleado 458,Contabilidad,Nashua,31033252
Empleado 459,Soporte,Utica,35018956
Empleado 460,Contabilidad,Stamford,34225117
Empleado 461,Gerente,Scranton,31239203
Empleado 462,Soporte,Utica,36575119
Empleado 463,Gerente,Stamford,31500295
Empleado 464,Contabilidad,Nashua,39501322
Empleado 465,Soporte,Utica,38704839
Empleado 466,Gerente,Nashua,31204588
Empleado 467,Soporte,Stamford,33264249
Empleado 468,Ejecutivo de Ventas,Scranton,36321194
Empleado 469,Ejecutivo de Ventas,Utica,38042798
Empleado 470,Contabilidad,Utica,31710863
Empleado 471,Contabilidad,Stamford,32528761
Empleado 472,Gerente,Utica,38897833
Empleado 473,Ejecutivo de Ventas,Stamford,35712607
Empleado 474,Gerente,Nashua,36860844
Empleado 475,Ejecutivo de Ventas,Nashua,39638447
Empleado 476,Soporte,Nashua,32183984
Empleado 477,Contabilidad,Scranton,39464964
Empleado 478,Soporte,Stamford,37375215
Empleado 479,Gerente,Stamford,34343519
Empleado 480,Gerente,Utica,33463840
Empleado 481,Contabilidad,Stamford,33818484
Empleado 482,Soporte,Scranton,39893746
Empleado 483,Soporte,Scranton,39003955
Empleado 484,Soporte,Stamford,37790708
Empleado 485,Gerente,Nashua,32046451
Empleado 486,Contabilidad,Scranton,37093316
Empleado 487,Gerente,Scranton,33690416
Empleado 488,Soporte,Nashua,35225593
Empleado 489,Contabilidad,Utica,35645960
Empleado 490,Gerente,Nashua,37645047
Empleado 491,Soporte,Utica,37653843
Empleado 492,Soporte,Scranton,38349446
Empleado 493,Soporte,Scranton,33704692
Empleado 494,Soporte,Utica,32530266
Empleado 495,Ejecutivo de Ventas,Scranton,32993721
Empleado 496,Gerente,Nashua,35474625
Empleado 497,Ejecutivo de Ventas,Utica,36781624
Empleado 498,Contabilidad,Nashua,36006034
Empleado 499,Soporte,Scranton,38168710
Empleado 500,Soporte,Utica,37684513
