Nombre de la Empresa,Tipo de Cliente,Ubicacion,Ejecutivo de Cuenta,Volumen de Compra Mensual
Cliente 1771,Mediana Empresa,Ubicacion 48,Empleado 34,34268.54
Cliente 234,Corporativo,Ubicacion 16,Empleado 62,23501.07
Cliente 376,Gobierno,Ubicacion 42,Empleado 66,28539.33
Cliente 753,Mediana Empresa,Ubicacion 49,Empleado 77,24414.80
Cliente 1375,Corporativo,Ubicacion 46,Empleado 98,2218.84
Cliente 1271,Corporativo,Ubicacion 86,Empleado 20,39974.36
Cliente 1359,Corporativo,Ubicacion 10,Empleado 16,24234.90
Cliente 1219,Mediana Empresa,Ubicacion 50,Empleado 82,14055.90
Cliente 1467,Corporativo,Ubicacion 66,Empleado 77,37116.73
Cliente 1992,Corporativo,Ubicacion 33,Empleado 59,653.50
Cliente 1714,Gobierno,Ubicacion 3,Empleado 31,37399.43
Cliente 441,Mediana Empresa,Ubicacion 68,Empleado 50,46319.21
Cliente 836,Corporativo,Ubicacion 87,Empleado 51,1496.47
Cliente 1121,Mediana Empresa,Ubicacion 70,Empleado 98,30213.90
Cliente 1935,Corporativo,Ubicacion 77,Empleado 51,18984.40
Cliente 294,Corporativo,Ubicacion 29,Empleado 36,37306.20
Cliente 1120,Corporativo,Ubicacion 74,Empleado 77,14867.66
Cliente 99,Gobierno,Ubicacion 74,Empleado 9,37233.61
Cliente 63,Corporativo,Ubicacion 64,Empleado 18,11213.24
Cliente 1496,Corporativo,Ubicacion 89,Empleado 96,22666.69
Cliente 87,Corporativo,Ubicacion 2,Empleado 48,36741.86
Cliente 1622,Mediana Empresa,Ubicacion 79,Empleado 19,3847.42
Cliente 1812,Mediana Empresa,Ubicacion 29,Empleado 45,7395.53
Cliente 1220,Mediana Empresa,Ubicacion 7,Empleado 91,1142.17
Cliente 329,Gobierno,Ubicacion 71,Empleado 35,45918.83
Cliente 1292,Corporativo,Ubicacion 4,Empleado 77,11862.30
Cliente 583,Corporativo,Ubicacion 25,Empleado 71,44005.58
Cliente 592,Corporativo,Ubicacion 71,Empleado 79,21829.76
Cliente 1569,Gobierno,Ubicacion 33,Empleado 13,34546.77
Cliente 834,Gobierno,Ubicacion 3,Empleado 57,2357.81
Cliente 995,Mediana Empresa,Ubicacion 26,Empleado 100,14837.88
Cliente 1052,Mediana Empresa,Ubicacion 93,Empleado 48,33992.78
Cliente 1225,Corporativo,Ubicacion 84,Empleado 90,17218.22
Cliente 563,Corporativo,Ubicacion 94,Empleado 42,8770.24
Cliente 1245,Mediana Empresa,Ubicacion 76,Empleado 27,35821.67
Cliente 257,Corporativo,Ubicacion 50,Empleado 39,5119.59
Cliente 224,Mediana Empresa,Ubicacion 62,Empleado 100,32333.36
Cliente 1270,Gobierno,Ubicacion 72,Empleado 11,46930.51
Cliente 1715,Corporativo,Ubicacion 64,Empleado 67,21218.34
Cliente 514,Corporativo,Ubicacion 25,Empleado 44,47936.51
Cliente 1311,Corporativo,Ubicacion 42,Empleado 6,48551.60
Cliente 273,Mediana Empresa,Ubicacion 94,Empleado 66,24340.76
Cliente 1179,Corporativo,Ubicacion 26,Empleado 84,975.58
Cliente 1170,Mediana Empresa,Ubicacion 51,Empleado 59,29981.45
Cliente 1537,Mediana Empresa,Ubicacion 9,Empleado 10,23592.95
Cliente 966,Corporativo,Ubicacion 18,Empleado 18,4565.54
Cliente 1478,Mediana Empresa,Ubicacion 19,Empleado 67,19047.66
Cliente 1653,Corporativo,Ubicacion 88,Empleado 45,23839.92
Cliente 378,Corporativo,Ubicacion 54,Empleado 68,17058.40
Cliente 1069,Corporativo,Ubicacion 4,Empleado 11,4404.99
Cliente 370,Gobierno,Ubicacion 86,Empleado 12,8988.90
Cliente 680,Gobierno,Ubicacion 91,Empleado 55,35421.17
Cliente 586,Mediana Empresa,Ubicacion 51,Empleado 19,47552.63
Cliente 1258,Gobierno,Ubicacion 25,Empleado 40,22260.51
Cliente 1902,Mediana Empresa,Ubicacion 100,Empleado 32,2563.99
Cliente 823,Corporativo,Ubicacion 68,Empleado 23,19503.55
Cliente 747,Gobierno,Ubicacion 29,Empleado 96,48252.88
Cliente 684,Gobierno,Ubicacion 26,Empleado 77,31391.09
Cliente 571,Mediana Empresa,Ubicacion 25,Empleado 35,48212.90
Cliente 1843,Gobierno,Ubicacion 17,Empleado 10,40142.17
Cliente 192,Corporativo,Ubicacion 96,Empleado 47,47511.50
Cliente 1472,Corporativo,Ubicacion 77,Empleado 84,31997.61
Cliente 67,Corporativo,Ubicacion 17,Empleado 16,24089.53
Cliente 840,Gobierno,Ubicacion 75,Empleado 65,47817.28
Cliente 1049,Corporativo,Ubicacion 39,Empleado 26,36163.36
Cliente 325,Mediana Empresa,Ubicacion 68,Empleado 4,28975.31
Cliente 845,Gobierno,Ubicacion 30,Empleado 66,5405.61
Cliente 1153,Corporativo,Ubicacion 22,Empleado 55,44746.79
Cliente 1624,Corporativo,Ubicacion 37,Empleado 63,45596.30
Cliente 41,Mediana Empresa,Ubicacion 31,Empleado 94,23246.20
Cliente 1060,Gobierno,Ubicacion 86,Empleado 42,31050.92
Cliente 784,Mediana Empresa,Ubicacion 42,Empleado 16,11863.97
Cliente 1982,Corporativo,Ubicacion 41,Empleado 10,6009.87
Cliente 84,Gobierno,Ubicacion 63,Empleado 79,22529.42
Cliente 794,Corporativo,Ubicacion 52,Empleado 48,29982.40
Cliente 154,Gobierno,Ubicacion 96,Empleado 18,24882.04
Cliente 704,Corporativo,Ubicacion 61,Empleado 98,22822.09
Cliente 736,Gobierno,Ubicacion 71,Empleado 67,6006.28
Cliente 598,Gobierno,Ubicacion 63,Empleado 55,3119.38
Cliente 414,Mediana Empresa,Ubicacion 16,Empleado 78,882.55
Cliente 1836,Gobierno,Ubicacion 38,Empleado 45,39686.04
Cliente 1718,Corporativo,Ubicacion 4,Empleado 5,29304.30
Cliente 787,Gobierno,Ubicacion 37,Empleado 48,26130.61
Cliente 1346,Mediana Empresa,Ubicacion 55,Empleado 73,37351.13
Cliente 1021,Corporativo,Ubicacion 77,Empleado 4,14530.78
Cliente 1146,Mediana Empresa,Ubicacion 77,Empleado 40,5890.21
Cliente 870,Gobierno,Ubicacion 71,Empleado 19,15084.52
Cliente 58,Corporativo,Ubicacion 38,Empleado 42,23956.42
Cliente 77,Corporativo,Ubicacion 77,Empleado 36,24705.42
Cliente 30,Gobierno,Ubicacion 42,Empleado 48,29458.58
Cliente 1945,Corporativo,Ubicacion 48,Empleado 94,12873.60
Cliente 314,Corporativo,Ubicacion 6,Empleado 65,13921.07
Cliente 1929,Corporativo,Ubicacion 37,Empleado 69,6468.84
Cliente 1655,Mediana Empresa,Ubicacion 85,Empleado 86,23379.79
Cliente 759,Corporativo,Ubicacion 11,Empleado 16,27887.54
Cliente 1259,Gobierno,Ubicacion 38,Empleado 46,3597.58
Cliente 1464,Mediana Empresa,Ubicacion 46,Empleado 31,22442.48
Cliente 591,Corporativo,Ubicacion 38,Empleado 69,27862.61
Cliente 1854,Gobierno,Ubicacion 33,Empleado 27,8682.63
Cliente 926,Corporativo,Ubicacion 50,Empleado 5,33819.53
Cliente 795,Mediana Empresa,Ubicacion 90,Empleado 13,43723.08
Cliente 164,Corporativo,Ubicacion 22,Empleado 50,39411.11
Cliente 1012,Corporativo,Ubicacion 94,Empleado 86,2546.10
Cliente 908,Corporativo,Ubicacion 74,Empleado 39,44053.86
Cliente 587,Corporativo,Ubicacion 11,Empleado 14,36931.80
Cliente 888,Mediana Empresa,Ubicacion 51,Empleado 69,13465.66
Cliente 101,Corporativo,Ubicacion 97,Empleado 51,36730.23
Cliente 659,Mediana Empresa,Ubicacion 84,Empleado 77,6966.83
Cliente 1723,Corporativo,Ubicacion 53,Empleado 91,7111.17
Cliente 1677,Mediana Empresa,Ubicacion 37,Empleado 84,18048.06
Cliente 351,Gobierno,Ubicacion 19,Empleado 23,18811.16
Cliente 1754,Corporativo,Ubicacion 57,Empleado 97,45705.88
Cliente 569,Mediana Empresa,Ubicacion 76,Empleado 71,21146.34
Cliente 731,Corporativo,Ubicacion 66,Empleado 78,39759.42
Cliente 92,Mediana Empresa,Ubicacion 78,Empleado 12,14976.51
Cliente 18,Mediana Empresa,Ubicacion 54,Empleado 86,39196.74
Cliente 720,Mediana Empresa,Ubicacion 65,Empleado 51,16478.01
Cliente 445,Gobierno,Ubicacion 49,Empleado 45,39830.42
Cliente 504,Mediana Empresa,Ubicacion 91,Empleado 41,25379.87
Cliente 1025,Corporativo,Ubicacion 66,Empleado 78,19031.78
Cliente 1135,Gobierno,Ubicacion 77,Empleado 46,13973.26
Cliente 1524,Corporativo,Ubicacion 9,Empleado 23,45736.52
Cliente 1790,Corporativo,Ubicacion 46,Empleado 36,46917.54
Cliente 1197,Mediana Empresa,Ubicacion 98,Empleado 62,48903.11
Cliente 1521,Corporativo,Ubicacion 1,Empleado 74,21321.59
Cliente 1442,Mediana Empresa,Ubicacion 48,Empleado 98,7984.79
Cliente 1546,Corporativo,Ubicacion 59,Empleado 71,42080.51
Cliente 1859,Gobierno,Ubicacion 36,Empleado 9,4270.79
Cliente 1183,Corporativo,Ubicacion 32,Empleado 44,14490.51
Cliente 1431,Corporativo,Ubicacion 42,Empleado 74,13433.29
Cliente 1581,Corporativo,Ubicacion 85,Empleado 11,19512.63
Cliente 403,Corporativo,Ubicacion 44,Empleado 31,17767.26
Cliente 1799,Corporativo,Ubicacion 49,Empleado 77,39536.07
Cliente 1933,Corporativo,Ubicacion 2,Empleado 71,3019.51
Cliente 1342,Gobierno,Ubicacion 55,Empleado 40,41292.40
Cliente 1186,Mediana Empresa,Ubicacion 78,Empleado 14,40240.66
Cliente 639,Corporativo,Ubicacion 37,Empleado 55,22588.66
Cliente 1648,Mediana Empresa,Ubicacion 45,Empleado 65,17774.03
Cliente 1905,Gobierno,Ubicacion 87,Empleado 4,8658.33
Cliente 1272,Mediana Empresa,Ubicacion 63,Empleado 13,44195.61
Cliente 999,Corporativo,Ubicacion 8,Empleado 26,36406.17
Cliente 457,Mediana Empresa,Ubicacion 90,Empleado 44,31303.75
Cliente 56,Mediana Empresa,Ubicacion 97,Empleado 32,11688.54
Cliente 517,Mediana Empresa,Ubicacion 41,Empleado 16,21244.36
Cliente 797,Mediana Empresa,Ubicacion 57,Empleado 19,39204.08
Cliente 324,Gobierno,Ubicacion 80,Empleado 97,28995.37
Cliente 1828,Corporativo,Ubicacion 67,Empleado 55,39077.69
Cliente 136,Corporativo,Ubicacion 88,Empleado 8,26260.06
Cliente 143,Corporativo,Ubicacion 76,Empleado 43,29148.76
Cliente 980,Gobierno,Ubicacion 100,Empleado 41,622.59
Cliente 1411,Mediana Empresa,Ubicacion 4,Empleado 25,552.46
Cliente 799,Gobierno,Ubicacion 83,Empleado 32,8596.79
Cliente 1286,Gobierno,Ubicacion 76,Empleado 84,43002.47
Cliente 298,Gobierno,Ubicacion 21,Empleado 43,6483.92
Cliente 939,Mediana Empresa,Ubicacion 22,Empleado 54,32309.54
Cliente 923,Corporativo,Ubicacion 25,Empleado 79,37837.60
Cliente 172,Corporativo,Ubicacion 31,Empleado 90,32236.86
Cliente 972,Gobierno,Ubicacion 15,Empleado 46,16333.70
Cliente 484,Mediana Empresa,Ubicacion 9,Empleado 78,18177.38
Cliente 1592,Mediana Empresa,Ubicacion 7,Empleado 59,28023.76
Cliente 1621,Corporativo,Ubicacion 54,Empleado 12,13583.49
Cliente 1570,Gobierno,Ubicacion 64,Empleado 71,27464.38
Cliente 433,Mediana Empresa,Ubicacion 92,Empleado 49,24467.96
Cliente 465,Corporativo,Ubicacion 21,Empleado 69,4293.26
Cliente 243,Corporativo,Ubicacion 55,Empleado 91,3559.33
Cliente 45,Corporativo,Ubicacion 43,Empleado 80,49142.37
Cliente 1493,Corporativo,Ubicacion 44,Empleado 32,15731.58
Cliente 805,Mediana Empresa,Ubicacion 25,Empleado 28,29284.31
Cliente 714,Corporativo,Ubicacion 89,Empleado 67,23943.80
Cliente 1321,Corporativo,Ubicacion 72,Empleado 23,44725.07
Cliente 555,Corporativo,Ubicacion 93,Empleado 37,19585.31
Cliente 1229,Gobierno,Ubicacion 14,Empleado 96,13974.07
Cliente 356,Gobierno,Ubicacion 28,Empleado 81,13910.12
Cliente 723,Gobierno,Ubicacion 51,Empleado 12,6765.75
Cliente 673,Mediana Empresa,Ubicacion 78,Empleado 13,14045.62
Cliente 1495,Gobierno,Ubicacion 59,Empleado 55,15024.00
Cliente 219,Corporativo,Ubicacion 19,Empleado 65,47731.37
Cliente 480,Gobierno,Ubicacion 11,Empleado 80,29794.29
Cliente 1354,Gobierno,Ubicacion 87,Empleado 91,13434.13
Cliente 857,Gobierno,Ubicacion 86,Empleado 46,4448.20
Cliente 936,Mediana Empresa,Ubicacion 38,Empleado 39,8461.28
Cliente 1699,Mediana Empresa,Ubicacion 71,Empleado 8,48755.88
Cliente 763,Mediana Empresa,Ubicacion 24,Empleado 82,31012.45
Cliente 1564,Mediana Empresa,Ubicacion 37,Empleado 49,14216.89
Cliente 371,Corporativo,Ubicacion 1,Empleado 81,13381.81
Cliente 1595,Gobierno,Ubicacion 71,Empleado 80,36098.34
Cliente 395,Corporativo,Ubicacion 97,Empleado 62,48369.12
Cliente 1785,Corporativo,Ubicacion 72,Empleado 59,29993.74
Cliente 846,Gobierno,Ubicacion 35,Empleado 20,44484.88
Cliente 672,Corporativo,Ubicacion 90,Empleado 56,15809.13
Cliente 82,Corporativo,Ubicacion 67,Empleado 70,31632.39
Cliente 1237,Gobierno,Ubicacion 1,Empleado 9,29278.67
Cliente 1154,Gobierno,Ubicacion 25,Empleado 42,4908.66
Cliente 1509,Corporativo,Ubicacion 82,Empleado 27,38720.58
Cliente 1928,Mediana Empresa,Ubicacion 99,Empleado 57,4910.17
Cliente 681,Corporativo,Ubicacion 94,Empleado 90,3093.51
Cliente 1953,Gobierno,Ubicacion 66,Empleado 9,33722.98
Cliente 958,Corporativo,Ubicacion 39,Empleado 44,28427.49
Cliente 265,Corporativo,Ubicacion 67,Empleado 31,24467.97
Cliente 1430,Mediana Empresa,Ubicacion 69,Empleado 34,23000.05
Cliente 1127,Gobierno,Ubicacion 49,Empleado 78,43894.43
Cliente 585,Mediana Empresa,Ubicacion 25,Empleado 49,21401.38
Cliente 1560,Gobierno,Ubicacion 75,Empleado 56,30152.46
Cliente 1399,Corporativo,Ubicacion 73,Empleado 89,19655.41
Cliente 42,Gobierno,Ubicacion 46,Empleado 19,20086.21
Cliente 73,Mediana Empresa,Ubicacion 24,Empleado 96,26209.04
Cliente 1627,Mediana Empresa,Ubicacion 53,Empleado 43,39205.61
Cliente 1053,Corporativo,Ubicacion 31,Empleado 39,12200.76
Cliente 538,Gobierno,Ubicacion 48,Empleado 50,32154.11
Cliente 1853,Corporativo,Ubicacion 44,Empleado 80,4708.02
Cliente 1638,Corporativo,Ubicacion 71,Empleado 98,16747.58
Cliente 1826,Corporativo,Ubicacion 18,Empleado 18,9221.59
Cliente 1116,Corporativo,Ubicacion 30,Empleado 14,47940.91
Cliente 1243,Corporativo,Ubicacion 48,Empleado 29,20705.68
Cliente 584,Gobierno,Ubicacion 76,Empleado 16,32863.42
Cliente 1123,Mediana Empresa,Ubicacion 60,Empleado 96,31247.48
Cliente 1676,Mediana Empresa,Ubicacion 73,Empleado 45,48684.58
Cliente 422,Corporativo,Ubicacion 11,Empleado 84,46092.74
Cliente 1101,Gobierno,Ubicacion 47,Empleado 100,29975.04
Cliente 134,Mediana Empresa,Ubicacion 91,Empleado 18,41543.71
Cliente 660,Mediana Empresa,Ubicacion 47,Empleado 14,27022.51
Cliente 375,Mediana Empresa,Ubicacion 22,Empleado 25,38917.04
Cliente 1009,Mediana Empresa,Ubicacion 73,Empleado 73,37868.96
Cliente 815,Corporativo,Ubicacion 32,Empleado 89,42154.07
Cliente 1226,Mediana Empresa,Ubicacion 35,Empleado 74,17388.30
Cliente 492,Corporativo,Ubicacion 7,Empleado 86,48790.86
Cliente 1355,Corporativo,Ubicacion 18,Empleado 4,1461.57
Cliente 744,Corporativo,Ubicacion 68,Empleado 68,25843.60
Cliente 1885,Mediana Empresa,Ubicacion 62,Empleado 42,18290.02
Cliente 816,Corporativo,Ubicacion 34,Empleado 96,38751.24
Cliente 1084,Gobierno,Ubicacion 100,Empleado 90,16488.93
Cliente 1287,Mediana Empresa,Ubicacion 12,Empleado 98,36439.09
Cliente 468,Corporativo,Ubicacion 81,Empleado 16,18191.11
Cliente 1034,Gobierno,Ubicacion 37,Empleado 97,17880.38
Cliente 1278,Corporativo,Ubicacion 18,Empleado 28,4455.59
Cliente 1962,Corporativo,Ubicacion 61,Empleado 34,15128.39
Cliente 1094,Corporativo,Ubicacion 63,Empleado 69,36931.21
Cliente 1901,Gobierno,Ubicacion 61,Empleado 96,40154.63
Cliente 481,Corporativo,Ubicacion 74,Empleado 12,21106.04
Cliente 319,Corporativo,Ubicacion 60,Empleado 26,33834.16
Cliente 1528,Mediana Empresa,Ubicacion 73,Empleado 74,28975.30
Cliente 878,Corporativo,Ubicacion 5,Empleado 11,9076.05
Cliente 1373,Corporativo,Ubicacion 87,Empleado 1,1595.26
Cliente 844,Corporativo,Ubicacion 87,Empleado 37,32881.87
Cliente 333,Gobierno,Ubicacion 51,Empleado 48,5326.92
Cliente 1641,Gobierno,Ubicacion 86,Empleado 43,32900.91
Cliente 854,Corporativo,Ubicacion 2,Empleado 18,26372.79
Cliente 281,Corporativo,Ubicacion 56,Empleado 45,38794.35
Cliente 576,Gobierno,Ubicacion 21,Empleado 69,36375.15
Cliente 1451,Gobierno,Ubicacion 92,Empleado 70,34899.45
Cliente 619,Gobierno,Ubicacion 41,Empleado 12,19718.00
Cliente 320,Gobierno,Ubicacion 40,Empleado 13,31788.74
Cliente 76,Corporativo,Ubicacion 26,Empleado 11,31604.42
Cliente 582,Mediana Empresa,Ubicacion 4,Empleado 68,29911.80
Cliente 955,Corporativo,Ubicacion 23,Empleado 67,38575.72
Cliente 507,Mediana Empresa,Ubicacion 63,Empleado 44,1474.50
Cliente 1227,Corporativo,Ubicacion 41,Empleado 6,16580.15
Cliente 1729,Gobierno,Ubicacion 69,Empleado 14,17080.50
Cliente 1864,Corporativo,Ubicacion 70,Empleado 35,27059.36
Cliente 426,Mediana Empresa,Ubicacion 32,Empleado 35,8709.42
Cliente 1277,Gobierno,Ubicacion 60,Empleado 82,34531.70
Cliente 776,Corporativo,Ubicacion 1,Empleado 47,34754.86
Cliente 2000,Corporativo,Ubicacion 13,Empleado 36,6098.42
Cliente 1922,Gobierno,Ubicacion 90,Empleado 16,40656.09
Cliente 928,Gobierno,Ubicacion 91,Empleado 47,14162.30
Cliente 316,Mediana Empresa,Ubicacion 22,Empleado 69,14809.80
Cliente 579,Corporativo,Ubicacion 1,Empleado 78,10219.77
Cliente 263,Corporativo,Ubicacion 35,Empleado 79,10182.19
Cliente 1689,Mediana Empresa,Ubicacion 88,Empleado 20,36297.13
Cliente 106,Corporativo,Ubicacion 73,Empleado 97,39503.21
Cliente 1868,Gobierno,Ubicacion 66,Empleado 11,44042.47
Cliente 1554,Corporativo,Ubicacion 19,Empleado 77,35745.65
Cliente 150,Corporativo,Ubicacion 83,Empleado 32,37935.62
Cliente 1709,Gobierno,Ubicacion 5,Empleado 42,46742.24
Cliente 1027,Gobierno,Ubicacion 45,Empleado 28,36417.60
Cliente 1295,Corporativo,Ubicacion 69,Empleado 46,22227.00
Cliente 1615,Gobierno,Ubicacion 36,Empleado 42,15904.39
Cliente 1696,Gobierno,Ubicacion 40,Empleado 4,40506.85
Cliente 1462,Corporativo,Ubicacion 26,Empleado 86,49856.86
Cliente 1527,Corporativo,Ubicacion 61,Empleado 48,26820.65
Cliente 483,Corporativo,Ubicacion 76,Empleado 29,28330.01
Cliente 1658,Corporativo,Ubicacion 43,Empleado 20,36790.14
Cliente 1490,Mediana Empresa,Ubicacion 91,Empleado 49,25206.78
Cliente 1675,Gobierno,Ubicacion 60,Empleado 39,33397.03
Cliente 1984,Corporativo,Ubicacion 96,Empleado 54,28984.19
Cliente 1508,Corporativo,Ubicacion 58,Empleado 69,36955.37
Cliente 971,Corporativo,Ubicacion 60,Empleado 67,15034.86
Cliente 820,Corporativo,Ubicacion 92,Empleado 4,16891.79
Cliente 1989,Mediana Empresa,Ubicacion 65,Empleado 11,37443.33
Cliente 665,Corporativo,Ubicacion 26,Empleado 6,49984.87
Cliente 668,Corporativo,Ubicacion 38,Empleado 90,2460.39
Cliente 1781,Mediana Empresa,Ubicacion 15,Empleado 56,19874.29
Cliente 1768,Mediana Empresa,Ubicacion 32,Empleado 97,40138.44
Cliente 1816,Corporativo,Ubicacion 41,Empleado 73,25875.30
Cliente 1003,Mediana Empresa,Ubicacion 80,Empleado 49,6994.86
Cliente 341,Corporativo,Ubicacion 34,Empleado 50,38412.91
Cliente 1469,Mediana Empresa,Ubicacion 94,Empleado 44,7815.14
Cliente 1642,Gobierno,Ubicacion 48,Empleado 34,29988.86
Cliente 1446,Corporativo,Ubicacion 52,Empleado 6,2666.91
Cliente 1639,Gobierno,Ubicacion 19,Empleado 35,47546.03
Cliente 417,Corporativo,Ubicacion 66,Empleado 89,40889.08
Cliente 115,Gobierno,Ubicacion 21,Empleado 47,2515.92
Cliente 1892,Corporativo,Ubicacion 78,Empleado 47,46799.51
Cliente 364,Corporativo,Ubicacion 58,Empleado 44,40378.42
Cliente 1958,Mediana Empresa,Ubicacion 33,Empleado 41,12426.39
Cliente 1978,Corporativo,Ubicacion 7,Empleado 100,5863.30
Cliente 545,Gobierno,Ubicacion 44,Empleado 98,22424.82
Cliente 1517,Gobierno,Ubicacion 69,Empleado 79,9915.12
Cliente 703,Corporativo,Ubicacion 67,Empleado 45,23892.67
Cliente 982,Mediana Empresa,Ubicacion 32,Empleado 49,30427.33
Cliente 299,Gobierno,Ubicacion 41,Empleado 98,10079.17
Cliente 152,Corporativo,Ubicacion 64,Empleado 71,1855.69
Cliente 754,Corporativo,Ubicacion 92,Empleado 47,27189.32
Cliente 768,Corporativo,Ubicacion 10,Empleado 5,49314.62
Cliente 233,Corporativo,Ubicacion 19,Empleado 6,12070.68
Cliente 914,Corporativo,Ubicacion 45,Empleado 100,36111.35
Cliente 1986,Corporativo,Ubicacion 69,Empleado 6,44436.57
Cliente 1578,Mediana Empresa,Ubicacion 10,Empleado 63,8005.25
Cliente 1334,Corporativo,Ubicacion 7,Empleado 16,35382.54
Cliente 1293,Corporativo,Ubicacion 57,Empleado 42,16608.63
Cliente 391,Corporativo,Ubicacion 2,Empleado 69,6935.89
Cliente 1998,Mediana Empresa,Ubicacion 62,Empleado 98,48065.62
Cliente 515,Gobierno,Ubicacion 75,Empleado 11,4082.94
Cliente 1608,Mediana Empresa,Ubicacion 74,Empleado 34,38812.66
Cliente 43,Corporativo,Ubicacion 92,Empleado 12,1982.39
Cliente 1279,Mediana Empresa,Ubicacion 59,Empleado 47,4635.49
Cliente 283,Corporativo,Ubicacion 99,Empleado 51,32722.30
Cliente 1280,Gobierno,Ubicacion 90,Empleado 9,1767.64
Cliente 1175,Mediana Empresa,Ubicacion 22,Empleado 73,40581.39
Cliente 1067,Mediana Empresa,Ubicacion 94,Empleado 94,46336.17
Cliente 1514,Corporativo,Ubicacion 25,Empleado 89,39324.73
Cliente 1811,Gobierno,Ubicacion 46,Empleado 5,18467.60
Cliente 1454,Gobierno,Ubicacion 21,Empleado 43,46377.82
Cliente 248,Corporativo,Ubicacion 100,Empleado 44,34407.89
Cliente 471,Gobierno,Ubicacion 35,Empleado 79,6563.52
Cliente 623,Mediana Empresa,Ubicacion 90,Empleado 90,27565.35
Cliente 580,Gobierno,Ubicacion 35,Empleado 91,43792.76
Cliente 489,Mediana Empresa,Ubicacion 21,Empleado 28,19742.90
Cliente 109,Gobierno,Ubicacion 89,Empleado 68,14565.98
Cliente 1824,Corporativo,Ubicacion 87,Empleado 62,33927.31
Cliente 62,Mediana Empresa,Ubicacion 44,Empleado 69,18716.75
Cliente 209,Gobierno,Ubicacion 64,Empleado 39,42755.18
Cliente 499,Corporativo,Ubicacion 85,Empleado 69,36676.92
Cliente 1529,Mediana Empresa,Ubicacion 34,Empleado 34,12727.10
Cliente 497,Corporativo,Ubicacion 39,Empleado 25,11730.55
Cliente 1419,Corporativo,Ubicacion 18,Empleado 50,34723.91
Cliente 1064,Mediana Empresa,Ubicacion 94,Empleado 56,15377.18
Cliente 1649,Mediana Empresa,Ubicacion 64,Empleado 10,14158.58
Cliente 1974,Corporativo,Ubicacion 21,Empleado 81,17136.55
Cliente 1691,Gobierno,Ubicacion 87,Empleado 12,4535.45
Cliente 238,Mediana Empresa,Ubicacion 80,Empleado 74,42324.45
Cliente 494,Corporativo,Ubicacion 36,Empleado 70,49270.78
Cliente 1674,Corporativo,Ubicacion 73,Empleado 94,37375.06
Cliente 1422,Mediana Empresa,Ubicacion 82,Empleado 34,43387.54
Cliente 1429,Gobierno,Ubicacion 91,Empleado 11,2337.05
Cliente 1074,Corporativo,Ubicacion 53,Empleado 86,49017.32
Cliente 1579,Mediana Empresa,Ubicacion 32,Empleado 26,42626.26
Cliente 1610,Gobierno,Ubicacion 86,Empleado 35,37013.07
Cliente 474,Mediana Empresa,Ubicacion 85,Empleado 50,5426.48
Cliente 1834,Corporativo,Ubicacion 52,Empleado 67,16123.69
Cliente 1600,Mediana Empresa,Ubicacion 32,Empleado 91,40793.84
Cliente 1654,Corporativo,Ubicacion 27,Empleado 26,45765.91
Cliente 1086,Gobierno,Ubicacion 46,Empleado 31,10043.46
Cliente 1405,Mediana Empresa,Ubicacion 69,Empleado 56,24171.10
Cliente 328,Mediana Empresa,Ubicacion 37,Empleado 86,36393.10
Cliente 1415,Corporativo,Ubicacion 51,Empleado 81,41960.24
Cliente 935,Gobierno,Ubicacion 99,Empleado 62,38248.59
Cliente 1485,Mediana Empresa,Ubicacion 4,Empleado 40,18530.57
Cliente 1313,Corporativo,Ubicacion 87,Empleado 27,16300.22
Cliente 1252,Mediana Empresa,Ubicacion 78,Empleado 32,34515.59
Cliente 1890,Corporativo,Ubicacion 78,Empleado 36,47283.17
Cliente 718,Mediana Empresa,Ubicacion 3,Empleado 98,43464.31
Cliente 677,Gobierno,Ubicacion 45,Empleado 6,47765.38
Cliente 1157,Corporativo,Ubicacion 55,Empleado 66,24204.20
Cliente 503,Mediana Empresa,Ubicacion 13,Empleado 82,41812.98
Cliente 71,Corporativo,Ubicacion 44,Empleado 54,11844.75
Cliente 732,Corporativo,Ubicacion 88,Empleado 86,3666.72
Cliente 781,Corporativo,Ubicacion 24,Empleado 9,563.70
Cliente 428,Corporativo,Ubicacion 68,Empleado 96,27023.06
Cliente 1949,Mediana Empresa,Ubicacion 66,Empleado 77,3869.33
Cliente 147,Gobierno,Ubicacion 97,Empleado 36,24272.50
Cliente 565,Mediana Empresa,Ubicacion 99,Empleado 48,9138.57
Cliente 135,Gobierno,Ubicacion 74,Empleado 99,36647.34
Cliente 1865,Gobierno,Ubicacion 100,Empleado 97,17494.48
Cliente 1988,Gobierno,Ubicacion 99,Empleado 70,27851.28
Cliente 366,Corporativo,Ubicacion 57,Empleado 44,29906.41
Cliente 885,Corporativo,Ubicacion 59,Empleado 5,17810.64
Cliente 402,Corporativo,Ubicacion 94,Empleado 44,14668.47
Cliente 1662,Gobierno,Ubicacion 39,Empleado 84,6099.04
Cliente 1250,Gobierno,Ubicacion 10,Empleado 100,19574.23
Cliente 919,Corporativo,Ubicacion 55,Empleado 98,1533.47
Cliente 511,Mediana Empresa,Ubicacion 97,Empleado 63,19091.86
Cliente 392,Corporativo,Ubicacion 41,Empleado 54,12822.09
Cliente 1914,Corporativo,Ubicacion 83,Empleado 25,47554.15
Cliente 1591,Corporativo,Ubicacion 11,Empleado 65,33053.15
Cliente 169,Mediana Empresa,Ubicacion 43,Empleado 48,34589.42
Cliente 1908,Corporativo,Ubicacion 97,Empleado 97,25992.00
Cliente 398,Corporativo,Ubicacion 41,Empleado 65,14500.50
Cliente 722,Corporativo,Ubicacion 95,Empleado 81,29175.61
Cliente 1466,Corporativo,Ubicacion 24,Empleado 80,15679.29
Cliente 1543,Corporativo,Ubicacion 75,Empleado 79,12443.72
Cliente 485,Mediana Empresa,Ubicacion 30,Empleado 6,47153.49
Cliente 227,Corporativo,Ubicacion 96,Empleado 56,12436.45
Cliente 1106,Corporativo,Ubicacion 85,Empleado 42,38400.62
Cliente 1122,Mediana Empresa,Ubicacion 32,Empleado 84,25224.23
Cliente 1040,Corporativo,Ubicacion 42,Empleado 39,43752.48
Cliente 282,Mediana Empresa,Ubicacion 69,Empleado 11,29540.08
Cliente 1706,Corporativo,Ubicacion 66,Empleado 49,33960.08
Cliente 191,Mediana Empresa,Ubicacion 23,Empleado 99,1242.37
Cliente 1459,Mediana Empresa,Ubicacion 90,Empleado 65,42044.12
Cliente 1305,Mediana Empresa,Ubicacion 79,Empleado 56,38105.53
Cliente 997,Corporativo,Ubicacion 72,Empleado 50,22584.30
Cliente 1596,Gobierno,Ubicacion 34,Empleado 36,44475.61
Cliente 1276,Gobierno,Ubicacion 4,Empleado 23,2709.83
Cliente 1389,Corporativo,Ubicacion 24,Empleado 68,11536.19
Cliente 1238,Gobierno,Ubicacion 35,Empleado 25,43726.99
Cliente 266,Mediana Empresa,Ubicacion 91,Empleado 56,9375.62
Cliente 1300,Corporativo,Ubicacion 56,Empleado 43,30333.58
Cliente 1302,Mediana Empresa,Ubicacion 71,Empleado 35,15571.33
Cliente 934,Mediana Empresa,Ubicacion 38,Empleado 37,17029.30
Cliente 663,Corporativo,Ubicacion 65,Empleado 23,12433.46
Cliente 635,Mediana Empresa,Ubicacion 94,Empleado 71,9157.90
Cliente 13,Mediana Empresa,Ubicacion 54,Empleado 40,2132.97
Cliente 199,Corporativo,Ubicacion 18,Empleado 70,49509.22
Cliente 1420,Mediana Empresa,Ubicacion 15,Empleado 32,24538.64
Cliente 387,Corporativo,Ubicacion 77,Empleado 1,20631.62
Cliente 407,Corporativo,Ubicacion 24,Empleado 36,31037.72
Cliente 802,Corporativo,Ubicacion 86,Empleado 81,23600.62
Cliente 397,Corporativo,Ubicacion 56,Empleado 26,6940.61
Cliente 1128,Corporativo,Ubicacion 2,Empleado 16,13107.68
Cliente 1530,Corporativo,Ubicacion 24,Empleado 23,42748.79
Cliente 1847,Corporativo,Ubicacion 93,Empleado 59,22521.58
Cliente 729,Mediana Empresa,Ubicacion 69,Empleado 50,35751.19
Cliente 915,Gobierno,Ubicacion 17,Empleado 68,15099.94
Cliente 173,Corporativo,Ubicacion 23,Empleado 13,5384.65
Cliente 1787,Mediana Empresa,Ubicacion 5,Empleado 96,40407.18
Cliente 454,Mediana Empresa,Ubicacion 62,Empleado 67,27005.37
Cliente 442,Corporativo,Ubicacion 77,Empleado 44,36956.19
Cliente 892,Mediana Empresa,Ubicacion 44,Empleado 50,42300.74
Cliente 1668,Corporativo,Ubicacion 2,Empleado 43,19521.28
Cliente 1795,Gobierno,Ubicacion 9,Empleado 66,26390.78
Cliente 185,Gobierno,Ubicacion 77,Empleado 86,4270.50
Cliente 811,Corporativo,Ubicacion 100,Empleado 69,33173.66
Cliente 1605,Gobierno,Ubicacion 66,Empleado 39,18840.49
Cliente 1352,Gobierno,Ubicacion 91,Empleado 11,33174.18
Cliente 594,Gobierno,Ubicacion 41,Empleado 82,39381.96
Cliente 858,Gobierno,Ubicacion 71,Empleado 45,19330.87
Cliente 856,Gobierno,Ubicacion 41,Empleado 32,46514.41
Cliente 813,Mediana Empresa,Ubicacion 95,Empleado 37,3359.68
Cliente 867,Gobierno,Ubicacion 93,Empleado 66,17069.10
Cliente 212,Corporativo,Ubicacion 71,Empleado 91,4654.51
Cliente 1805,Corporativo,Ubicacion 18,Empleado 51,10932.42
Cliente 1728,Mediana Empresa,Ubicacion 58,Empleado 25,44038.81
Cliente 757,Gobierno,Ubicacion 41,Empleado 6,17990.05
Cliente 1484,Corporativo,Ubicacion 27,Empleado 100,18553.34
Cliente 1289,Corporativo,Ubicacion 35,Empleado 27,43365.46
Cliente 1732,Corporativo,Ubicacion 48,Empleado 99,2057.41
Cliente 804,Corporativo,Ubicacion 1,Empleado 98,1244.56
Cliente 965,Gobierno,Ubicacion 70,Empleado 26,12630.72
Cliente 777,Corporativo,Ubicacion 26,Empleado 7,21306.94
Cliente 1331,Gobierno,Ubicacion 5,Empleado 5,12058.10
Cliente 1683,Corporativo,Ubicacion 88,Empleado 66,41608.27
Cliente 1665,Corporativo,Ubicacion 37,Empleado 8,16776.64
Cliente 830,Gobierno,Ubicacion 30,Empleado 51,20264.75
Cliente 597,Mediana Empresa,Ubicacion 79,Empleado 25,31198.81
Cliente 650,Mediana Empresa,Ubicacion 27,Empleado 98,27962.51
Cliente 129,Corporativo,Ubicacion 39,Empleado 1,36145.99
Cliente 771,Mediana Empresa,Ubicacion 75,Empleado 28,33566.37
Cliente 1633,Corporativo,Ubicacion 88,Empleado 51,15902.74
Cliente 1957,Gobierno,Ubicacion 6,Empleado 6,46688.81
Cliente 1384,Mediana Empresa,Ubicacion 12,Empleado 67,34202.90
Cliente 562,Corporativo,Ubicacion 39,Empleado 14,45598.46
Cliente 1751,Gobierno,Ubicacion 53,Empleado 28,23385.37
Cliente 796,Corporativo,Ubicacion 71,Empleado 18,33209.44
Cliente 210,Corporativo,Ubicacion 53,Empleado 10,36257.88
Cliente 1341,Corporativo,Ubicacion 83,Empleado 14,2417.17
Cliente 841,Gobierno,Ubicacion 28,Empleado 40,26269.44
Cliente 615,Gobierno,Ubicacion 55,Empleado 98,9900.86
Cliente 1671,Gobierno,Ubicacion 99,Empleado 23,48943.90
Cliente 1707,Corporativo,Ubicacion 67,Empleado 81,6165.59
Cliente 1335,Corporativo,Ubicacion 36,Empleado 86,38440.20
Cliente 530,Gobierno,Ubicacion 18,Empleado 4,46096.71
Cliente 1618,Corporativo,Ubicacion 10,Empleado 97,32952.35
Cliente 1172,Mediana Empresa,Ubicacion 85,Empleado 82,15768.02
Cliente 1724,Gobierno,Ubicacion 16,Empleado 26,30535.77
Cliente 1016,Mediana Empresa,Ubicacion 35,Empleado 36,7325.56
Cliente 835,Corporativo,Ubicacion 37,Empleado 9,43917.19
Cliente 1087,Corporativo,Ubicacion 3,Empleado 62,45135.71
Cliente 1567,Mediana Empresa,Ubicacion 40,Empleado 7,46707.31
Cliente 694,Mediana Empresa,Ubicacion 41,Empleado 11,27340.94
Cliente 421,Gobierno,Ubicacion 58,Empleado 90,5177.77
Cliente 634,Mediana Empresa,Ubicacion 100,Empleado 73,40181.38
Cliente 1640,Corporativo,Ubicacion 27,Empleado 19,28568.31
Cliente 756,Gobierno,Ubicacion 39,Empleado 40,17449.19
Cliente 825,Corporativo,Ubicacion 91,Empleado 28,45452.43
Cliente 1659,Corporativo,Ubicacion 17,Empleado 10,7288.96
Cliente 1898,Corporativo,Ubicacion 7,Empleado 44,8312.81
Cliente 1392,Mediana Empresa,Ubicacion 1,Empleado 69,13238.39
Cliente 1441,Mediana Empresa,Ubicacion 87,Empleado 80,24498.46
Cliente 1199,Mediana Empresa,Ubicacion 71,Empleado 36,47150.94
Cliente 482,Gobierno,Ubicacion 55,Empleado 41,35642.58
Cliente 984,Mediana Empresa,Ubicacion 82,Empleado 68,19254.49
Cliente 165,Corporativo,Ubicacion 34,Empleado 62,41134.65
Cliente 237,Mediana Empresa,Ubicacion 86,Empleado 36,11464.24
Cliente 393,Gobierno,Ubicacion 96,Empleado 7,31284.27
Cliente 1926,Mediana Empresa,Ubicacion 48,Empleado 18,10448.63
Cliente 1667,Corporativo,Ubicacion 10,Empleado 62,48975.03
Cliente 400,Mediana Empresa,Ubicacion 21,Empleado 89,29551.03
Cliente 449,Gobierno,Ubicacion 26,Empleado 7,5213.24
Cliente 1645,Gobierno,Ubicacion 50,Empleado 63,8963.90
Cliente 1489,Corporativo,Ubicacion 91,Empleado 16,7490.07
Cliente 118,Gobierno,Ubicacion 45,Empleado 25,6972.38
Cliente 1288,Gobierno,Ubicacion 47,Empleado 73,9866.95
Cliente 1228,Mediana Empresa,Ubicacion 74,Empleado 26,37991.92
Cliente 806,Gobierno,Ubicacion 53,Empleado 41,31438.73
Cliente 860,Gobierno,Ubicacion 12,Empleado 31,24747.48
Cliente 1849,Gobierno,Ubicacion 17,Empleado 23,42514.65
Cliente 1737,Corporativo,Ubicacion 66,Empleado 99,39644.44
Cliente 1440,Mediana Empresa,Ubicacion 85,Empleado 71,2486.31
Cliente 396,Corporativo,Ubicacion 24,Empleado 32,13600.85
Cliente 1888,Corporativo,Ubicacion 80,Empleado 86,1027.52
Cliente 782,Mediana Empresa,Ubicacion 30,Empleado 97,17700.25
Cliente 478,Corporativo,Ubicacion 89,Empleado 29,2775.11
Cliente 1129,Mediana Empresa,Ubicacion 75,Empleado 69,28926.20
Cliente 1880,Corporativo,Ubicacion 68,Empleado 40,40026.54
Cliente 909,Corporativo,Ubicacion 44,Empleado 27,26836.25
Cliente 786,Gobierno,Ubicacion 57,Empleado 71,16933.96
Cliente 629,Corporativo,Ubicacion 37,Empleado 71,6978.15
Cliente 1385,Corporativo,Ubicacion 43,Empleado 41,6414.88
Cliente 458,Gobierno,Ubicacion 66,Empleado 4,20579.41
Cliente 1093,Corporativo,Ubicacion 29,Empleado 47,40910.39
Cliente 1765,Mediana Empresa,Ubicacion 70,Empleado 70,28602.15
Cliente 937,Gobierno,Ubicacion 17,Empleado 59,32143.16
Cliente 1851,Gobierno,Ubicacion 22,Empleado 65,35298.99
Cliente 451,Corporativo,Ubicacion 58,Empleado 51,43743.16
Cliente 435,Mediana Empresa,Ubicacion 23,Empleado 63,47546.06
Cliente 1547,Corporativo,Ubicacion 24,Empleado 12,27626.97
Cliente 1260,Corporativo,Ubicacion 19,Empleado 17,5930.30
Cliente 15,Mediana Empresa,Ubicacion 99,Empleado 12,41759.64
Cliente 229,Gobierno,Ubicacion 22,Empleado 91,20112.27
Cliente 353,Mediana Empresa,Ubicacion 66,Empleado 27,38983.89
Cliente 1077,Corporativo,Ubicacion 17,Empleado 45,44909.95
Cliente 1130,Corporativo,Ubicacion 11,Empleado 59,41063.82
Cliente 1443,Corporativo,Ubicacion 71,Empleado 19,45568.04
Cliente 189,Mediana Empresa,Ubicacion 9,Empleado 29,31735.01
Cliente 1559,Corporativo,Ubicacion 36,Empleado 86,30562.74
Cliente 1972,Corporativo,Ubicacion 1,Empleado 36,6906.55
Cliente 1024,Corporativo,Ubicacion 79,Empleado 81,37200.09
Cliente 190,Mediana Empresa,Ubicacion 46,Empleado 34,38469.66
Cliente 1749,Mediana Empresa,Ubicacion 18,Empleado 11,10926.50
Cliente 1475,Corporativo,Ubicacion 35,Empleado 37,9445.82
Cliente 303,Corporativo,Ubicacion 28,Empleado 81,29358.60
Cliente 1314,Corporativo,Ubicacion 20,Empleado 34,10049.26
Cliente 560,Mediana Empresa,Ubicacion 49,Empleado 57,49058.21
Cliente 446,Corporativo,Ubicacion 28,Empleado 59,7553.12
Cliente 408,Corporativo,Ubicacion 70,Empleado 79,17874.57
Cliente 1165,Mediana Empresa,Ubicacion 55,Empleado 23,23091.58
Cliente 974,Gobierno,Ubicacion 89,Empleado 26,35065.55
Cliente 1747,Gobierno,Ubicacion 49,Empleado 39,48084.73
Cliente 1852,Corporativo,Ubicacion 66,Empleado 13,19899.77
Cliente 1255,Corporativo,Ubicacion 95,Empleado 6,27942.35
Cliente 1938,Mediana Empresa,Ubicacion 87,Empleado 48,32878.82
Cliente 691,Mediana Empresa,Ubicacion 63,Empleado 99,6735.25
Cliente 1006,Mediana Empresa,Ubicacion 54,Empleado 78,34714.82
Cliente 4,Corporativo,Ubicacion 76,Empleado 57,40103.55
Cliente 991,Gobierno,Ubicacion 65,Empleado 62,2422.61
Cliente 643,Mediana Empresa,Ubicacion 61,Empleado 89,43759.68
Cliente 439,Gobierno,Ubicacion 36,Empleado 98,18949.19
Cliente 7,Corporativo,Ubicacion 76,Empleado 13,39893.50
Cliente 1285,Corporativo,Ubicacion 79,Empleado 82,7466.60
Cliente 1367,Mediana Empresa,Ubicacion 52,Empleado 5,9568.51
Cliente 1421,Corporativo,Ubicacion 62,Empleado 12,11957.40
Cliente 52,Gobierno,Ubicacion 90,Empleado 23,9357.78
Cliente 743,Mediana Empresa,Ubicacion 14,Empleado 49,4609.90
Cliente 327,Gobierno,Ubicacion 76,Empleado 98,6985.73
Cliente 186,Mediana Empresa,Ubicacion 26,Empleado 32,12168.75
Cliente 789,Gobierno,Ubicacion 73,Empleado 17,39174.05
Cliente 1519,Gobierno,Ubicacion 62,Empleado 23,13047.41
Cliente 1936,Gobierno,Ubicacion 66,Empleado 82,8730.82
Cliente 1635,Corporativo,Ubicacion 36,Empleado 94,39585.11
Cliente 1819,Mediana Empresa,Ubicacion 99,Empleado 46,47085.63
Cliente 1379,Mediana Empresa,Ubicacion 17,Empleado 51,34388.98
Cliente 1036,Mediana Empresa,Ubicacion 19,Empleado 77,9162.16
Cliente 1850,Gobierno,Ubicacion 78,Empleado 42,13815.93
Cliente 509,Corporativo,Ubicacion 30,Empleado 81,33451.33
Cliente 431,Corporativo,Ubicacion 74,Empleado 66,28923.56
Cliente 604,Corporativo,Ubicacion 95,Empleado 6,29072.26
Cliente 437,Gobierno,Ubicacion 91,Empleado 46,23063.12
Cliente 1976,Gobierno,Ubicacion 100,Empleado 65,44976.21
Cliente 1664,Corporativo,Ubicacion 2,Empleado 17,27588.72
Cliente 581,Corporativo,Ubicacion 84,Empleado 19,34038.55
Cliente 758,Corporativo,Ubicacion 79,Empleado 74,36977.24
Cliente 1532,Mediana Empresa,Ubicacion 36,Empleado 19,20670.53
Cliente 1015,Mediana Empresa,Ubicacion 96,Empleado 55,36400.28
Cliente 1636,Mediana Empresa,Ubicacion 20,Empleado 44,29971.18
Cliente 814,Corporativo,Ubicacion 25,Empleado 7,41834.47
Cliente 306,Corporativo,Ubicacion 42,Empleado 66,47857.32
Cliente 1762,Corporativo,Ubicacion 58,Empleado 43,22168.22
Cliente 1510,Gobierno,Ubicacion 32,Empleado 97,11430.62
Cliente 1499,Mediana Empresa,Ubicacion 73,Empleado 28,7985.24
Cliente 1191,Corporativo,Ubicacion 85,Empleado 80,32256.08
Cliente 85,Corporativo,Ubicacion 6,Empleado 69,32650.69
Cliente 1376,Mediana Empresa,Ubicacion 21,Empleado 86,41179.62
Cliente 790,Mediana Empresa,Ubicacion 52,Empleado 16,6154.49
Cliente 1304,Corporativo,Ubicacion 68,Empleado 43,8609.42
Cliente 284,Corporativo,Ubicacion 10,Empleado 50,13488.04
Cliente 1351,Mediana Empresa,Ubicacion 72,Empleado 11,46796.10
Cliente 1960,Mediana Empresa,Ubicacion 21,Empleado 46,46074.29
Cliente 733,Corporativo,Ubicacion 63,Empleado 17,2311.54
Cliente 1575,Mediana Empresa,Ubicacion 90,Empleado 40,6045.17
Cliente 922,Corporativo,Ubicacion 17,Empleado 7,18847.93
Cliente 114,Corporativo,Ubicacion 57,Empleado 47,14427.66
Cliente 1800,Corporativo,Ubicacion 93,Empleado 100,19265.27
Cliente 1344,Gobierno,Ubicacion 16,Empleado 68,23628.07
Cliente 1210,Corporativo,Ubicacion 60,Empleado 67,20777.76
Cliente 1774,Corporativo,Ubicacion 99,Empleado 23,19931.34
Cliente 1801,Gobierno,Ubicacion 58,Empleado 7,7664.44
Cliente 1371,Corporativo,Ubicacion 12,Empleado 90,36393.73
Cliente 1861,Gobierno,Ubicacion 100,Empleado 1,31545.65
Cliente 1770,Corporativo,Ubicacion 63,Empleado 46,23711.12
Cliente 374,Mediana Empresa,Ubicacion 61,Empleado 31,16236.90
Cliente 953,Gobierno,Ubicacion 29,Empleado 94,30818.22
Cliente 493,Corporativo,Ubicacion 17,Empleado 97,40084.60
Cliente 847,Mediana Empresa,Ubicacion 7,Empleado 94,17473.28
Cliente 3,Gobierno,Ubicacion 5,Empleado 82,1504.34
Cliente 9,Mediana Empresa,Ubicacion 96,Empleado 78,12484.61
Cliente 427,Corporativo,Ubicacion 38,Empleado 29,44310.80
Cliente 864,Corporativo,Ubicacion 61,Empleado 29,18106.21
Cliente 1917,Gobierno,Ubicacion 96,Empleado 8,5250.91
Cliente 1970,Mediana Empresa,Ubicacion 43,Empleado 41,48808.93
Cliente 289,Gobierno,Ubicacion 35,Empleado 91,37101.18
Cliente 898,Gobierno,Ubicacion 39,Empleado 68,43346.04
Cliente 37,Gobierno,Ubicacion 39,Empleado 54,49320.69
Cliente 1457,Corporativo,Ubicacion 18,Empleado 99,23760.12
Cliente 1137,Gobierno,Ubicacion 66,Empleado 67,30096.76
Cliente 1832,Corporativo,Ubicacion 56,Empleado 27,33022.54
Cliente 1878,Corporativo,Ubicacion 83,Empleado 97,17441.37
Cliente 1993,Corporativo,Ubicacion 31,Empleado 8,3403.80
Cliente 851,Corporativo,Ubicacion 79,Empleado 13,7839.07
Cliente 1118,Mediana Empresa,Ubicacion 80,Empleado 98,33329.81
Cliente 347,Corporativo,Ubicacion 84,Empleado 8,15146.05
Cliente 32,Mediana Empresa,Ubicacion 24,Empleado 98,12695.65
Cliente 462,Corporativo,Ubicacion 62,Empleado 55,30881.09
Cliente 783,Corporativo,Ubicacion 13,Empleado 7,26990.20
Cliente 61,Gobierno,Ubicacion 84,Empleado 49,2105.43
Cliente 142,Mediana Empresa,Ubicacion 5,Empleado 12,10133.05
Cliente 479,Corporativo,Ubicacion 12,Empleado 9,37238.26
Cliente 72,Mediana Empresa,Ubicacion 19,Empleado 73,12400.62
Cliente 1065,Gobierno,Ubicacion 48,Empleado 29,46203.57
Cliente 287,Corporativo,Ubicacion 97,Empleado 9,16083.61
Cliente 161,Gobierno,Ubicacion 57,Empleado 35,44351.60
Cliente 1140,Corporativo,Ubicacion 62,Empleado 84,3917.14
Cliente 969,Gobierno,Ubicacion 75,Empleado 71,26351.48
Cliente 94,Mediana Empresa,Ubicacion 40,Empleado 20,35353.83
Cliente 1026,Corporativo,Ubicacion 92,Empleado 56,32037.70
Cliente 1423,Corporativo,Ubicacion 20,Empleado 46,41652.85
Cliente 59,Mediana Empresa,Ubicacion 82,Empleado 18,37915.09
Cliente 1694,Corporativo,Ubicacion 54,Empleado 26,30560.09
Cliente 715,Corporativo,Ubicacion 58,Empleado 29,35647.36
Cliente 1160,Gobierno,Ubicacion 54,Empleado 20,35093.60
Cliente 1037,Corporativo,Ubicacion 58,Empleado 1,8626.22
Cliente 1424,Corporativo,Ubicacion 71,Empleado 35,10471.05
Cliente 1044,Corporativo,Ubicacion 94,Empleado 65,41960.72
Cliente 730,Mediana Empresa,Ubicacion 30,Empleado 14,28763.75
Cliente 821,Gobierno,Ubicacion 34,Empleado 59,44127.24
Cliente 640,Corporativo,Ubicacion 50,Empleado 7,42732.47
Cliente 1073,Corporativo,Ubicacion 47,Empleado 89,11151.25
Cliente 1710,Gobierno,Ubicacion 41,Empleado 29,3616.45
Cliente 1809,Corporativo,Ubicacion 48,Empleado 26,33987.43
Cliente 1256,Mediana Empresa,Ubicacion 92,Empleado 99,2822.75
Cliente 78,Corporativo,Ubicacion 48,Empleado 46,48206.90
Cliente 1166,Mediana Empresa,Ubicacion 51,Empleado 96,39174.66
Cliente 125,Corporativo,Ubicacion 92,Empleado 16,38280.67
Cliente 917,Corporativo,Ubicacion 21,Empleado 98,7750.53
Cliente 1112,Gobierno,Ubicacion 85,Empleado 31,13215.53
Cliente 261,Gobierno,Ubicacion 34,Empleado 84,20297.79
Cliente 385,Mediana Empresa,Ubicacion 99,Empleado 82,18630.36
Cliente 490,Mediana Empresa,Ubicacion 50,Empleado 68,6904.79
Cliente 710,Gobierno,Ubicacion 7,Empleado 79,33225.85
Cliente 1406,Gobierno,Ubicacion 93,Empleado 68,32789.76
Cliente 1910,Corporativo,Ubicacion 71,Empleado 98,8998.50
Cliente 241,Corporativo,Ubicacion 63,Empleado 65,26457.39
Cliente 1358,Corporativo,Ubicacion 15,Empleado 86,44395.37
Cliente 149,Corporativo,Ubicacion 64,Empleado 13,518.92
Cliente 55,Corporativo,Ubicacion 47,Empleado 57,12093.96
Cliente 1209,Mediana Empresa,Ubicacion 25,Empleado 10,15925.62
Cliente 274,Gobierno,Ubicacion 31,Empleado 26,33476.50
Cliente 1078,Corporativo,Ubicacion 35,Empleado 20,36201.02
Cliente 68,Corporativo,Ubicacion 32,Empleado 20,24786.24
Cliente 748,Corporativo,Ubicacion 86,Empleado 51,4786.50
Cliente 1307,Corporativo,Ubicacion 25,Empleado 4,39540.70
Cliente 1882,Corporativo,Ubicacion 70,Empleado 99,9107.00
Cliente 1126,Corporativo,Ubicacion 89,Empleado 42,29393.96
Cliente 998,Mediana Empresa,Ubicacion 64,Empleado 90,12919.00
Cliente 242,Corporativo,Ubicacion 18,Empleado 78,17192.17
Cliente 188,Mediana Empresa,Ubicacion 72,Empleado 37,15643.44
Cliente 1705,Mediana Empresa,Ubicacion 2,Empleado 80,27596.89
Cliente 105,Mediana Empresa,Ubicacion 95,Empleado 56,36161.12
Cliente 1779,Mediana Empresa,Ubicacion 12,Empleado 62,42340.67
Cliente 141,Gobierno,Ubicacion 93,Empleado 17,2124.26
Cliente 742,Corporativo,Ubicacion 65,Empleado 32,33153.84
Cliente 1038,Gobierno,Ubicacion 48,Empleado 46,8611.18
Cliente 664,Corporativo,Ubicacion 54,Empleado 5,11707.47
Cliente 221,Corporativo,Ubicacion 19,Empleado 46,7549.50
Cliente 334,Corporativo,Ubicacion 60,Empleado 46,23953.28
Cliente 419,Mediana Empresa,Ubicacion 57,Empleado 96,29184.37
Cliente 613,Corporativo,Ubicacion 14,Empleado 46,40997.24
Cliente 989,Gobierno,Ubicacion 6,Empleado 13,16003.04
Cliente 460,Mediana Empresa,Ubicacion 21,Empleado 11,16857.16
Cliente 130,Gobierno,Ubicacion 17,Empleado 35,29228.80
Cliente 1410,Mediana Empresa,Ubicacion 51,Empleado 71,49997.13
Cliente 1099,Mediana Empresa,Ubicacion 54,Empleado 94,3502.78
Cliente 1246,Corporativo,Ubicacion 67,Empleado 50,16195.74
Cliente 137,Corporativo,Ubicacion 3,Empleado 68,17381.88
Cliente 593,Gobierno,Ubicacion 7,Empleado 77,11730.93
Cliente 1388,Corporativo,Ubicacion 76,Empleado 8,10273.04
Cliente 1789,Corporativo,Ubicacion 30,Empleado 94,1926.06
Cliente 1150,Mediana Empresa,Ubicacion 91,Empleado 43,34613.51
Cliente 1813,Corporativo,Ubicacion 70,Empleado 34,44543.03
Cliente 411,Corporativo,Ubicacion 92,Empleado 27,24609.81
Cliente 1692,Gobierno,Ubicacion 68,Empleado 32,23547.03
Cliente 1798,Corporativo,Ubicacion 1,Empleado 63,11341.25
Cliente 528,Corporativo,Ubicacion 71,Empleado 63,37209.82
Cliente 318,Corporativo,Ubicacion 5,Empleado 70,3338.00
Cliente 1969,Gobierno,Ubicacion 76,Empleado 70,28732.67
Cliente 367,Mediana Empresa,Ubicacion 88,Empleado 69,12551.98
Cliente 416,Gobierno,Ubicacion 87,Empleado 23,40739.47
Cliente 157,Corporativo,Ubicacion 15,Empleado 69,37382.09
Cliente 1628,Corporativo,Ubicacion 34,Empleado 68,24286.67
Cliente 927,Corporativo,Ubicacion 83,Empleado 86,36120.47
Cliente 335,Mediana Empresa,Ubicacion 79,Empleado 40,37861.58
Cliente 1468,Corporativo,Ubicacion 18,Empleado 77,45567.16
Cliente 1452,Corporativo,Ubicacion 60,Empleado 54,49660.86
Cliente 93,Corporativo,Ubicacion 100,Empleado 96,30137.88
Cliente 127,Corporativo,Ubicacion 10,Empleado 77,19881.98
Cliente 1115,Corporativo,Ubicacion 59,Empleado 41,10335.67
Cliente 46,Corporativo,Ubicacion 100,Empleado 29,17311.46
Cliente 1476,Corporativo,Ubicacion 59,Empleado 62,13377.54
Cliente 616,Mediana Empresa,Ubicacion 73,Empleado 20,37153.03
Cliente 611,Gobierno,Ubicacion 25,Empleado 79,42287.35
Cliente 992,Corporativo,Ubicacion 66,Empleado 90,49923.89
Cliente 1168,Corporativo,Ubicacion 2,Empleado 84,20859.75
Cliente 1538,Mediana Empresa,Ubicacion 89,Empleado 62,24903.25
Cliente 1604,Mediana Empresa,Ubicacion 5,Empleado 73,6195.83
Cliente 1374,Corporativo,Ubicacion 3,Empleado 39,24714.25
Cliente 100,Corporativo,Ubicacion 99,Empleado 68,17882.89
Cliente 112,Mediana Empresa,Ubicacion 15,Empleado 68,42988.01
Cliente 1257,Mediana Empresa,Ubicacion 68,Empleado 80,11668.20
Cliente 107,Mediana Empresa,Ubicacion 2,Empleado 18,27115.75
Cliente 627,Corporativo,Ubicacion 66,Empleado 6,11850.31
Cliente 1656,Mediana Empresa,Ubicacion 83,Empleado 49,39210.10
Cliente 932,Gobierno,Ubicacion 86,Empleado 43,29476.87
Cliente 1296,Corporativo,Ubicacion 3,Empleado 40,9536.21
Cliente 1449,Mediana Empresa,Ubicacion 89,Empleado 8,36854.12
Cliente 595,Corporativo,Ubicacion 64,Empleado 41,11231.76
Cliente 880,Mediana Empresa,Ubicacion 32,Empleado 48,27214.26
Cliente 1080,Corporativo,Ubicacion 29,Empleado 80,46953.29
Cliente 1189,Corporativo,Ubicacion 72,Empleado 57,26889.04
Cliente 1603,Mediana Empresa,Ubicacion 82,Empleado 13,44879.25
Cliente 553,Mediana Empresa,Ubicacion 1,Empleado 50,45573.39
Cliente 1742,Gobierno,Ubicacion 17,Empleado 6,13712.46
Cliente 1235,Corporativo,Ubicacion 5,Empleado 11,10332.09
Cliente 1306,Corporativo,Ubicacion 82,Empleado 18,47402.41
Cliente 140,Gobierno,Ubicacion 53,Empleado 78,10154.76
Cliente 829,Corporativo,Ubicacion 2,Empleado 81,27198.95
Cliente 1433,Corporativo,Ubicacion 93,Empleado 32,42447.71
Cliente 1889,Corporativo,Ubicacion 94,Empleado 59,32640.06
Cliente 1303,Mediana Empresa,Ubicacion 80,Empleado 79,28915.30
Cliente 80,Corporativo,Ubicacion 96,Empleado 25,30837.93
Cliente 386,Mediana Empresa,Ubicacion 70,Empleado 5,26054.68
Cliente 1333,Mediana Empresa,Ubicacion 30,Empleado 37,22477.96
Cliente 323,Corporativo,Ubicacion 75,Empleado 43,32842.80
Cliente 301,Corporativo,Ubicacion 57,Empleado 86,20587.68
Cliente 197,Corporativo,Ubicacion 32,Empleado 55,1129.34
Cliente 1860,Corporativo,Ubicacion 97,Empleado 84,27498.37
Cliente 506,Mediana Empresa,Ubicacion 82,Empleado 77,43737.78
Cliente 158,Gobierno,Ubicacion 64,Empleado 79,27428.76
Cliente 1513,Mediana Empresa,Ubicacion 23,Empleado 99,29030.77
Cliente 336,Corporativo,Ubicacion 1,Empleado 31,8844.81
Cliente 1924,Gobierno,Ubicacion 76,Empleado 78,35982.08
Cliente 12,Corporativo,Ubicacion 95,Empleado 97,37100.18
Cliente 617,Corporativo,Ubicacion 79,Empleado 57,26677.69
Cliente 975,Gobierno,Ubicacion 94,Empleado 14,35703.83
Cliente 346,Corporativo,Ubicacion 75,Empleado 35,40525.01
Cliente 809,Corporativo,Ubicacion 6,Empleado 9,22547.04
Cliente 529,Corporativo,Ubicacion 42,Empleado 10,25207.89
Cliente 1267,Mediana Empresa,Ubicacion 24,Empleado 6,38803.16
Cliente 1708,Corporativo,Ubicacion 93,Empleado 40,28251.78
Cliente 762,Gobierno,Ubicacion 73,Empleado 59,13911.91
Cliente 1763,Mediana Empresa,Ubicacion 38,Empleado 32,16634.02
Cliente 1102,Corporativo,Ubicacion 8,Empleado 29,48506.92
Cliente 633,Gobierno,Ubicacion 61,Empleado 11,21492.27
Cliente 1000,Corporativo,Ubicacion 100,Empleado 25,11734.12
Cliente 1842,Corporativo,Ubicacion 66,Empleado 48,19297.57
Cliente 196,Mediana Empresa,Ubicacion 1,Empleado 63,6158.77
Cliente 689,Corporativo,Ubicacion 20,Empleado 81,19752.29
Cliente 1611,Gobierno,Ubicacion 9,Empleado 17,40349.35
Cliente 1019,Corporativo,Ubicacion 56,Empleado 11,9252.51
Cliente 1845,Corporativo,Ubicacion 2,Empleado 29,37779.56
Cliente 1010,Gobierno,Ubicacion 30,Empleado 66,23718.91
Cliente 737,Mediana Empresa,Ubicacion 32,Empleado 69,5604.79
Cliente 236,Gobierno,Ubicacion 74,Empleado 71,47715.70
Cliente 1927,Mediana Empresa,Ubicacion 49,Empleado 31,47595.82
Cliente 960,Corporativo,Ubicacion 3,Empleado 5,9730.46
Cliente 1244,Gobierno,Ubicacion 78,Empleado 79,18905.02
Cliente 1407,Mediana Empresa,Ubicacion 59,Empleado 97,47947.16
Cliente 1735,Gobierno,Ubicacion 62,Empleado 54,46826.49
Cliente 1182,Corporativo,Ubicacion 56,Empleado 23,28950.86
Cliente 1990,Mediana Empresa,Ubicacion 31,Empleado 26,2996.32
Cliente 10,Mediana Empresa,Ubicacion 57,Empleado 51,12958.58
Cliente 1502,Corporativo,Ubicacion 82,Empleado 34,13608.16
Cliente 918,Gobierno,Ubicacion 25,Empleado 79,2877.79
Cliente 1558,Mediana Empresa,Ubicacion 11,Empleado 78,42967.12
Cliente 488,Corporativo,Ubicacion 55,Empleado 80,6974.58
Cliente 1081,Mediana Empresa,Ubicacion 2,Empleado 37,48167.25
Cliente 1356,Gobierno,Ubicacion 98,Empleado 89,47718.14
Cliente 452,Mediana Empresa,Ubicacion 29,Empleado 84,47208.69
Cliente 1416,Corporativo,Ubicacion 32,Empleado 48,34104.51
Cliente 1540,Corporativo,Ubicacion 50,Empleado 96,7393.31
Cliente 1497,Corporativo,Ubicacion 75,Empleado 4,46685.03
Cliente 349,Mediana Empresa,Ubicacion 35,Empleado 19,9642.73
Cliente 1716,Corporativo,Ubicacion 29,Empleado 81,43255.39
Cliente 505,Corporativo,Ubicacion 35,Empleado 12,18551.44
Cliente 1523,Corporativo,Ubicacion 99,Empleado 27,45943.62
Cliente 1308,Corporativo,Ubicacion 48,Empleado 56,43057.57
Cliente 193,Gobierno,Ubicacion 29,Empleado 40,48591.63
Cliente 717,Corporativo,Ubicacion 99,Empleado 20,13011.18
Cliente 1526,Corporativo,Ubicacion 100,Empleado 69,36151.30
Cliente 1327,Corporativo,Ubicacion 30,Empleado 41,9553.62
Cliente 1505,Gobierno,Ubicacion 92,Empleado 63,18123.87
Cliente 1913,Mediana Empresa,Ubicacion 4,Empleado 90,27767.28
Cliente 600,Mediana Empresa,Ubicacion 93,Empleado 97,3957.83
Cliente 726,Corporativo,Ubicacion 50,Empleado 39,27355.46
Cliente 1614,Corporativo,Ubicacion 81,Empleado 59,40944.14
Cliente 305,Corporativo,Ubicacion 40,Empleado 7,46444.42
Cliente 1522,Corporativo,Ubicacion 51,Empleado 59,34877.79
Cliente 307,Corporativo,Ubicacion 62,Empleado 100,14755.68
Cliente 1712,Corporativo,Ubicacion 79,Empleado 10,38070.05
Cliente 1939,Mediana Empresa,Ubicacion 50,Empleado 68,8948.52
Cliente 286,Corporativo,Ubicacion 28,Empleado 94,34761.57
Cliente 102,Mediana Empresa,Ubicacion 69,Empleado 89,12640.49
Cliente 200,Gobierno,Ubicacion 14,Empleado 40,35097.93
Cliente 1124,Corporativo,Ubicacion 11,Empleado 25,44875.66
Cliente 1187,Mediana Empresa,Ubicacion 70,Empleado 26,43544.98
Cliente 1702,Mediana Empresa,Ubicacion 24,Empleado 70,6652.54
Cliente 925,Corporativo,Ubicacion 73,Empleado 56,38855.28
Cliente 1565,Corporativo,Ubicacion 76,Empleado 25,11437.24
Cliente 760,Corporativo,Ubicacion 64,Empleado 40,26510.64
Cliente 1347,Mediana Empresa,Ubicacion 49,Empleado 42,32123.93
Cliente 181,Corporativo,Ubicacion 62,Empleado 32,49196.13
Cliente 1488,Mediana Empresa,Ubicacion 67,Empleado 7,28078.04
Cliente 1134,Mediana Empresa,Ubicacion 66,Empleado 100,15142.81
Cliente 559,Gobierno,Ubicacion 13,Empleado 14,15309.90
Cliente 1353,Gobierno,Ubicacion 12,Empleado 98,45212.17
Cliente 695,Corporativo,Ubicacion 69,Empleado 80,35358.69
Cliente 1739,Corporativo,Ubicacion 81,Empleado 1,17570.26
Cliente 692,Corporativo,Ubicacion 2,Empleado 17,17219.32
Cliente 1357,Mediana Empresa,Ubicacion 51,Empleado 63,13346.04
Cliente 476,Corporativo,Ubicacion 23,Empleado 19,780.63
Cliente 525,Mediana Empresa,Ubicacion 80,Empleado 73,42875.17
Cliente 1,Mediana Empresa,Ubicacion 30,Empleado 57,44593.94
Cliente 491,Gobierno,Ubicacion 30,Empleado 29,19091.34
Cliente 1139,Mediana Empresa,Ubicacion 43,Empleado 29,34192.61
Cliente 1883,Corporativo,Ubicacion 71,Empleado 63,5215.62
Cliente 655,Gobierno,Ubicacion 65,Empleado 12,2605.49
Cliente 1713,Mediana Empresa,Ubicacion 33,Empleado 86,27048.13
Cliente 74,Corporativo,Ubicacion 64,Empleado 68,38237.20
Cliente 868,Mediana Empresa,Ubicacion 29,Empleado 63,12599.81
Cliente 1746,Mediana Empresa,Ubicacion 43,Empleado 47,32675.94
Cliente 1822,Mediana Empresa,Ubicacion 39,Empleado 37,35303.76
Cliente 1794,Gobierno,Ubicacion 79,Empleado 6,9234.98
Cliente 231,Mediana Empresa,Ubicacion 57,Empleado 18,19808.74
Cliente 618,Corporativo,Ubicacion 67,Empleado 78,11132.01
Cliente 168,Mediana Empresa,Ubicacion 5,Empleado 50,39623.97
Cliente 1291,Gobierno,Ubicacion 40,Empleado 27,9103.64
Cliente 725,Mediana Empresa,Ubicacion 16,Empleado 47,8954.88
Cliente 1181,Corporativo,Ubicacion 73,Empleado 7,8452.35
Cliente 987,Gobierno,Ubicacion 78,Empleado 34,33267.38
Cliente 122,Corporativo,Ubicacion 1,Empleado 77,37945.25
Cliente 1931,Corporativo,Ubicacion 64,Empleado 9,3825.36
Cliente 240,Corporativo,Ubicacion 97,Empleado 36,47958.46
Cliente 1211,Corporativo,Ubicacion 98,Empleado 28,45168.93
Cliente 1328,Corporativo,Ubicacion 41,Empleado 7,20884.00
Cliente 1085,Corporativo,Ubicacion 97,Empleado 86,36844.53
Cliente 567,Corporativo,Ubicacion 84,Empleado 98,13273.02
Cliente 338,Mediana Empresa,Ubicacion 33,Empleado 31,15079.57
Cliente 90,Corporativo,Ubicacion 26,Empleado 56,30616.39
Cliente 1107,Gobierno,Ubicacion 15,Empleado 66,42262.97
Cliente 177,Mediana Empresa,Ubicacion 60,Empleado 81,14205.79
Cliente 409,Gobierno,Ubicacion 69,Empleado 71,21916.88
Cliente 1582,Corporativo,Ubicacion 25,Empleado 82,46063.64
Cliente 447,Corporativo,Ubicacion 19,Empleado 8,48571.78
Cliente 1951,Corporativo,Ubicacion 37,Empleado 89,42860.43
Cliente 1855,Mediana Empresa,Ubicacion 50,Empleado 79,42698.76
Cliente 686,Corporativo,Ubicacion 46,Empleado 97,13786.62
Cliente 1337,Corporativo,Ubicacion 53,Empleado 74,26388.94
Cliente 1143,Gobierno,Ubicacion 31,Empleado 69,38461.30
Cliente 496,Gobierno,Ubicacion 85,Empleado 48,46027.32
Cliente 682,Corporativo,Ubicacion 77,Empleado 68,45758.54
Cliente 1856,Gobierno,Ubicacion 15,Empleado 67,30009.13
Cliente 464,Corporativo,Ubicacion 75,Empleado 63,33299.60
Cliente 578,Gobierno,Ubicacion 99,Empleado 26,17040.19
Cliente 220,Corporativo,Ubicacion 71,Empleado 82,27367.09
Cliente 38,Mediana Empresa,Ubicacion 91,Empleado 69,9734.56
Cliente 706,Gobierno,Ubicacion 78,Empleado 74,34726.45
Cliente 260,Mediana Empresa,Ubicacion 14,Empleado 68,23399.86
Cliente 1840,Corporativo,Ubicacion 65,Empleado 73,39524.73
Cliente 1815,Gobierno,Ubicacion 88,Empleado 9,6789.11
Cliente 1814,Gobierno,Ubicacion 2,Empleado 51,26544.54
Cliente 225,Corporativo,Ubicacion 96,Empleado 29,24521.98
Cliente 223,Mediana Empresa,Ubicacion 95,Empleado 46,18818.44
Cliente 893,Gobierno,Ubicacion 16,Empleado 62,29449.32
Cliente 232,Corporativo,Ubicacion 67,Empleado 71,41669.93
Cliente 709,Mediana Empresa,Ubicacion 93,Empleado 41,7329.24
Cliente 1965,Gobierno,Ubicacion 94,Empleado 39,26191.08
Cliente 1915,Corporativo,Ubicacion 98,Empleado 26,14195.82
Cliente 1262,Corporativo,Ubicacion 17,Empleado 34,31986.47
Cliente 678,Mediana Empresa,Ubicacion 58,Empleado 6,43546.50
Cliente 96,Corporativo,Ubicacion 98,Empleado 5,31060.69
Cliente 1682,Gobierno,Ubicacion 25,Empleado 43,40653.45
Cliente 801,Corporativo,Ubicacion 93,Empleado 23,5940.64
Cliente 1031,Corporativo,Ubicacion 87,Empleado 54,40399.61
Cliente 901,Mediana Empresa,Ubicacion 13,Empleado 4,2486.96
Cliente 1158,Corporativo,Ubicacion 98,Empleado 19,25984.87
Cliente 317,Corporativo,Ubicacion 2,Empleado 31,4319.18
Cliente 1011,Corporativo,Ubicacion 51,Empleado 82,32191.47
Cliente 288,Gobierno,Ubicacion 30,Empleado 28,13905.66
Cliente 218,Gobierno,Ubicacion 51,Empleado 42,24972.39
Cliente 179,Corporativo,Ubicacion 32,Empleado 5,20180.21
Cliente 1483,Gobierno,Ubicacion 6,Empleado 4,33629.51
Cliente 300,Corporativo,Ubicacion 68,Empleado 63,49423.78
Cliente 1647,Corporativo,Ubicacion 5,Empleado 79,13291.34
Cliente 244,Gobierno,Ubicacion 53,Empleado 84,32578.47
Cliente 54,Mediana Empresa,Ubicacion 87,Empleado 36,10064.47
Cliente 954,Mediana Empresa,Ubicacion 28,Empleado 73,14502.41
Cliente 145,Gobierno,Ubicacion 24,Empleado 69,42600.59
Cliente 51,Mediana Empresa,Ubicacion 40,Empleado 79,34017.20
Cliente 778,Gobierno,Ubicacion 41,Empleado 11,32009.40
Cliente 1310,Corporativo,Ubicacion 10,Empleado 17,24473.51
Cliente 1697,Corporativo,Ubicacion 45,Empleado 14,26701.87
Cliente 1918,Gobierno,Ubicacion 43,Empleado 57,18590.67
Cliente 670,Gobierno,Ubicacion 4,Empleado 100,14523.79
Cliente 644,Corporativo,Ubicacion 75,Empleado 5,44540.20
Cliente 1232,Corporativo,Ubicacion 24,Empleado 37,1861.18
Cliente 31,Gobierno,Ubicacion 58,Empleado 73,27301.96
Cliente 1329,Mediana Empresa,Ubicacion 54,Empleado 49,12093.67
Cliente 1368,Mediana Empresa,Ubicacion 74,Empleado 39,30085.88
Cliente 89,Corporativo,Ubicacion 83,Empleado 45,44591.20
Cliente 1224,Mediana Empresa,Ubicacion 21,Empleado 12,21071.55
Cliente 1695,Gobierno,Ubicacion 74,Empleado 84,21156.35
Cliente 498,Mediana Empresa,Ubicacion 66,Empleado 84,13226.39
Cliente 693,Corporativo,Ubicacion 22,Empleado 14,36192.14
Cliente 1173,Mediana Empresa,Ubicacion 83,Empleado 7,26016.97
Cliente 1757,Gobierno,Ubicacion 43,Empleado 17,27199.99
Cliente 520,Mediana Empresa,Ubicacion 67,Empleado 36,43205.93
Cliente 1013,Corporativo,Ubicacion 93,Empleado 14,3010.84
Cliente 993,Corporativo,Ubicacion 79,Empleado 98,23954.91
Cliente 1784,Corporativo,Ubicacion 89,Empleado 48,36665.54
Cliente 624,Corporativo,Ubicacion 93,Empleado 17,35823.32
Cliente 363,Corporativo,Ubicacion 62,Empleado 80,25058.03
Cliente 98,Corporativo,Ubicacion 76,Empleado 80,29896.92
Cliente 1266,Mediana Empresa,Ubicacion 96,Empleado 47,24816.98
Cliente 315,Corporativo,Ubicacion 50,Empleado 14,8639.50
Cliente 606,Corporativo,Ubicacion 68,Empleado 9,3074.50
Cliente 539,Corporativo,Ubicacion 56,Empleado 86,45925.15
Cliente 831,Corporativo,Ubicacion 7,Empleado 7,22254.30
Cliente 235,Gobierno,Ubicacion 75,Empleado 37,22756.93
Cliente 22,Gobierno,Ubicacion 76,Empleado 59,1805.44
Cliente 1750,Corporativo,Ubicacion 57,Empleado 43,48580.33
Cliente 1417,Corporativo,Ubicacion 67,Empleado 45,47589.67
Cliente 467,Corporativo,Ubicacion 41,Empleado 99,14540.87
Cliente 1382,Gobierno,Ubicacion 43,Empleado 66,9179.67
Cliente 1217,Mediana Empresa,Ubicacion 57,Empleado 67,12901.14
Cliente 812,Corporativo,Ubicacion 32,Empleado 25,37801.59
Cliente 79,Gobierno,Ubicacion 50,Empleado 81,26932.55
Cliente 1690,Corporativo,Ubicacion 17,Empleado 7,30612.42
Cliente 372,Corporativo,Ubicacion 88,Empleado 51,4150.39
Cliente 1625,Corporativo,Ubicacion 73,Empleado 86,35358.45
Cliente 1207,Gobierno,Ubicacion 24,Empleado 36,31992.46
Cliente 1504,Corporativo,Ubicacion 71,Empleado 78,29426.49
Cliente 1870,Corporativo,Ubicacion 3,Empleado 23,21799.62
Cliente 381,Gobierno,Ubicacion 55,Empleado 16,7571.34
Cliente 1557,Mediana Empresa,Ubicacion 46,Empleado 14,46506.69
Cliente 957,Mediana Empresa,Ubicacion 74,Empleado 4,47253.99
Cliente 500,Corporativo,Ubicacion 6,Empleado 32,19625.21
Cliente 1841,Gobierno,Ubicacion 27,Empleado 54,730.16
Cliente 49,Gobierno,Ubicacion 31,Empleado 27,26345.05
Cliente 1014,Corporativo,Ubicacion 45,Empleado 96,36119.35
Cliente 1777,Mediana Empresa,Ubicacion 55,Empleado 50,29470.53
Cliente 912,Gobierno,Ubicacion 18,Empleado 78,25494.25
Cliente 1761,Mediana Empresa,Ubicacion 79,Empleado 62,2415.29
Cliente 1803,Gobierno,Ubicacion 57,Empleado 79,47997.97
Cliente 1345,Corporativo,Ubicacion 15,Empleado 11,16326.30
Cliente 752,Gobierno,Ubicacion 19,Empleado 96,9225.16
Cliente 1601,Mediana Empresa,Ubicacion 33,Empleado 37,25813.42
Cliente 950,Gobierno,Ubicacion 52,Empleado 97,13492.26
Cliente 1017,Gobierno,Ubicacion 31,Empleado 68,16778.65
Cliente 256,Corporativo,Ubicacion 85,Empleado 66,25214.99
Cliente 1273,Gobierno,Ubicacion 24,Empleado 45,28663.01
Cliente 626,Mediana Empresa,Ubicacion 56,Empleado 36,19959.73
Cliente 1198,Gobierno,Ubicacion 18,Empleado 71,39292.46
Cliente 536,Gobierno,Ubicacion 84,Empleado 54,25515.08
Cliente 929,Corporativo,Ubicacion 95,Empleado 43,4504.81
Cliente 1046,Gobierno,Ubicacion 90,Empleado 50,31890.37
Cliente 1966,Gobierno,Ubicacion 10,Empleado 66,39632.08
Cliente 1007,Corporativo,Ubicacion 89,Empleado 71,41003.05
Cliente 575,Mediana Empresa,Ubicacion 38,Empleado 42,46065.37
Cliente 508,Mediana Empresa,Ubicacion 17,Empleado 14,12403.96
Cliente 564,Mediana Empresa,Ubicacion 100,Empleado 13,35077.18
Cliente 97,Corporativo,Ubicacion 4,Empleado 89,34255.63
Cliente 1921,Mediana Empresa,Ubicacion 43,Empleado 1,45599.46
Cliente 1573,Corporativo,Ubicacion 1,Empleado 23,42076.23
Cliente 687,Corporativo,Ubicacion 86,Empleado 46,5305.00
Cliente 1136,Corporativo,Ubicacion 98,Empleado 50,26475.18
Cliente 262,Corporativo,Ubicacion 25,Empleado 13,23621.23
Cliente 1899,Corporativo,Ubicacion 52,Empleado 50,39868.98
Cliente 839,Gobierno,Ubicacion 64,Empleado 20,31716.11
Cliente 153,Corporativo,Ubicacion 13,Empleado 98,14658.55
Cliente 572,Mediana Empresa,Ubicacion 71,Empleado 40,27184.50
Cliente 818,Corporativo,Ubicacion 60,Empleado 81,1512.34
Cliente 1336,Gobierno,Ubicacion 95,Empleado 51,937.28
Cliente 1275,Mediana Empresa,Ubicacion 92,Empleado 50,18619.78
Cliente 822,Corporativo,Ubicacion 98,Empleado 1,15160.64
Cliente 1907,Corporativo,Ubicacion 3,Empleado 73,37035.55
Cliente 119,Corporativo,Ubicacion 5,Empleado 99,16460.19
Cliente 1171,Gobierno,Ubicacion 22,Empleado 32,44647.55
Cliente 1536,Corporativo,Ubicacion 94,Empleado 19,20981.81
Cliente 1906,Gobierno,Ubicacion 38,Empleado 48,28769.89
Cliente 1035,Gobierno,Ubicacion 70,Empleado 27,43877.42
Cliente 685,Gobierno,Ubicacion 59,Empleado 51,8388.02
Cliente 14,Mediana Empresa,Ubicacion 13,Empleado 65,10382.25
Cliente 540,Gobierno,Ubicacion 15,Empleado 18,32887.15
Cliente 389,Corporativo,Ubicacion 51,Empleado 69,32672.91
Cliente 952,Gobierno,Ubicacion 91,Empleado 31,743.49
Cliente 1650,Gobierno,Ubicacion 72,Empleado 41,8882.77
Cliente 1867,Corporativo,Ubicacion 13,Empleado 50,1409.73
Cliente 951,Corporativo,Ubicacion 92,Empleado 55,15626.71
Cliente 1174,Gobierno,Ubicacion 43,Empleado 29,24038.79
Cliente 214,Gobierno,Ubicacion 12,Empleado 50,1400.38
Cliente 1239,Gobierno,Ubicacion 59,Empleado 10,23600.64
Cliente 1598,Gobierno,Ubicacion 96,Empleado 89,42293.41
Cliente 348,Corporativo,Ubicacion 30,Empleado 66,30578.68
Cliente 461,Mediana Empresa,Ubicacion 41,Empleado 68,6598.69
Cliente 1873,Corporativo,Ubicacion 73,Empleado 32,47906.58
Cliente 1426,Corporativo,Ubicacion 7,Empleado 12,43601.09
Cliente 705,Corporativo,Ubicacion 21,Empleado 25,3192.13
Cliente 1394,Corporativo,Ubicacion 10,Empleado 23,15440.70
Cliente 1061,Gobierno,Ubicacion 6,Empleado 86,859.53
Cliente 1758,Gobierno,Ubicacion 32,Empleado 27,38769.08
Cliente 1048,Mediana Empresa,Ubicacion 30,Empleado 16,11251.16
Cliente 1516,Mediana Empresa,Ubicacion 69,Empleado 100,15876.66
Cliente 713,Mediana Empresa,Ubicacion 57,Empleado 36,32103.48
Cliente 28,Corporativo,Ubicacion 96,Empleado 6,44089.66
Cliente 486,Mediana Empresa,Ubicacion 7,Empleado 56,1028.61
Cliente 1821,Corporativo,Ubicacion 38,Empleado 71,48925.26
Cliente 466,Gobierno,Ubicacion 71,Empleado 4,31706.94
Cliente 589,Corporativo,Ubicacion 54,Empleado 19,22242.22
Cliente 653,Corporativo,Ubicacion 35,Empleado 1,25510.40
Cliente 292,Corporativo,Ubicacion 41,Empleado 89,23246.44
Cliente 1261,Corporativo,Ubicacion 8,Empleado 97,38726.77
Cliente 1620,Gobierno,Ubicacion 38,Empleado 39,11624.28
Cliente 1390,Gobierno,Ubicacion 87,Empleado 96,41726.51
Cliente 1942,Mediana Empresa,Ubicacion 64,Empleado 69,40090.24
Cliente 126,Mediana Empresa,Ubicacion 67,Empleado 99,26889.33
Cliente 1386,Corporativo,Ubicacion 17,Empleado 9,18777.73
Cliente 959,Gobierno,Ubicacion 88,Empleado 94,49640.07
Cliente 1370,Corporativo,Ubicacion 42,Empleado 94,43623.11
Cliente 206,Corporativo,Ubicacion 75,Empleado 49,18772.70
Cliente 1736,Mediana Empresa,Ubicacion 8,Empleado 100,22804.94
Cliente 1997,Gobierno,Ubicacion 16,Empleado 25,16321.45
Cliente 1088,Corporativo,Ubicacion 72,Empleado 79,34404.30
Cliente 793,Corporativo,Ubicacion 56,Empleado 81,1582.55
Cliente 968,Mediana Empresa,Ubicacion 88,Empleado 66,1148.09
Cliente 1688,Corporativo,Ubicacion 31,Empleado 32,35525.48
Cliente 674,Gobierno,Ubicacion 56,Empleado 74,8462.56
Cliente 767,Corporativo,Ubicacion 98,Empleado 16,14027.58
Cliente 1104,Corporativo,Ubicacion 18,Empleado 80,26542.64
Cliente 700,Corporativo,Ubicacion 21,Empleado 13,1523.50
Cliente 862,Corporativo,Ubicacion 15,Empleado 47,32365.05
Cliente 1786,Corporativo,Ubicacion 24,Empleado 80,25701.25
Cliente 1089,Mediana Empresa,Ubicacion 2,Empleado 99,38584.38
Cliente 155,Corporativo,Ubicacion 47,Empleado 99,43899.35
Cliente 1020,Mediana Empresa,Ubicacion 51,Empleado 23,17839.94
Cliente 1486,Gobierno,Ubicacion 32,Empleado 74,44281.08
Cliente 1141,Gobierno,Ubicacion 55,Empleado 56,12330.82
Cliente 159,Gobierno,Ubicacion 3,Empleado 41,38603.50
Cliente 900,Gobierno,Ubicacion 11,Empleado 25,15139.39
Cliente 866,Gobierno,Ubicacion 52,Empleado 18,10547.83
Cliente 501,Mediana Empresa,Ubicacion 16,Empleado 4,27651.09
Cliente 368,Corporativo,Ubicacion 40,Empleado 90,44214.00
Cliente 899,Mediana Empresa,Ubicacion 44,Empleado 57,48344.61
Cliente 1290,Mediana Empresa,Ubicacion 30,Empleado 69,31355.49
Cliente 1133,Corporativo,Ubicacion 87,Empleado 23,49805.02
Cliente 1194,Corporativo,Ubicacion 41,Empleado 89,37582.67
Cliente 60,Gobierno,Ubicacion 9,Empleado 98,46456.63
Cliente 1726,Corporativo,Ubicacion 11,Empleado 99,21129.81
Cliente 1360,Corporativo,Ubicacion 18,Empleado 8,26003.00
Cliente 1212,Gobierno,Ubicacion 17,Empleado 84,22217.44
Cliente 1068,Corporativo,Ubicacion 78,Empleado 23,27148.10
Cliente 6,Gobierno,Ubicacion 96,Empleado 46,44131.17
Cliente 1378,Corporativo,Ubicacion 99,Empleado 37,5568.64
Cliente 1738,Mediana Empresa,Ubicacion 88,Empleado 86,9945.99
Cliente 362,Mediana Empresa,Ubicacion 40,Empleado 98,16490.34
Cliente 1590,Corporativo,Ubicacion 82,Empleado 13,7269.65
Cliente 1963,Mediana Empresa,Ubicacion 94,Empleado 54,3837.92
Cliente 605,Gobierno,Ubicacion 51,Empleado 89,40277.66
Cliente 1377,Gobierno,Ubicacion 54,Empleado 79,35881.12
Cliente 1482,Corporativo,Ubicacion 62,Empleado 77,45020.31
Cliente 1152,Mediana Empresa,Ubicacion 84,Empleado 23,4271.93
Cliente 1788,Corporativo,Ubicacion 92,Empleado 26,32897.10
Cliente 415,Corporativo,Ubicacion 21,Empleado 19,45623.79
Cliente 1576,Mediana Empresa,Ubicacion 18,Empleado 28,34600.47
Cliente 429,Corporativo,Ubicacion 92,Empleado 62,45783.04
Cliente 201,Gobierno,Ubicacion 100,Empleado 77,4917.51
Cliente 785,Corporativo,Ubicacion 90,Empleado 59,41557.49
Cliente 66,Gobierno,Ubicacion 58,Empleado 41,30623.28
Cliente 1672,Gobierno,Ubicacion 29,Empleado 94,13884.82
Cliente 1005,Gobierno,Ubicacion 61,Empleado 86,37699.75
Cliente 1144,Corporativo,Ubicacion 62,Empleado 57,12574.19
Cliente 1531,Gobierno,Ubicacion 72,Empleado 82,35050.06
Cliente 648,Corporativo,Ubicacion 82,Empleado 18,31700.42
Cliente 1338,Mediana Empresa,Ubicacion 78,Empleado 31,1954.00
Cliente 895,Mediana Empresa,Ubicacion 66,Empleado 1,24824.50
Cliente 546,Corporativo,Ubicacion 63,Empleado 100,5525.82
Cliente 699,Gobierno,Ubicacion 42,Empleado 23,11918.03
Cliente 438,Corporativo,Ubicacion 4,Empleado 35,49016.12
Cliente 23,Corporativo,Ubicacion 82,Empleado 42,40433.97
Cliente 942,Mediana Empresa,Ubicacion 93,Empleado 18,12372.17
Cliente 48,Mediana Empresa,Ubicacion 40,Empleado 25,5281.79
Cliente 1247,Gobierno,Ubicacion 88,Empleado 50,43987.58
Cliente 1138,Gobierno,Ubicacion 33,Empleado 12,45770.50
Cliente 1793,Corporativo,Ubicacion 55,Empleado 48,14933.44
Cliente 557,Gobierno,Ubicacion 21,Empleado 42,8209.58
Cliente 1274,Mediana Empresa,Ubicacion 81,Empleado 82,39275.82
Cliente 735,Gobierno,Ubicacion 77,Empleado 62,48694.47
Cliente 1043,Mediana Empresa,Ubicacion 40,Empleado 34,28899.59
Cliente 1463,Corporativo,Ubicacion 83,Empleado 98,16792.34
Cliente 330,Gobierno,Ubicacion 55,Empleado 18,39865.35
Cliente 1553,Mediana Empresa,Ubicacion 63,Empleado 37,25230.98
Cliente 1082,Gobierno,Ubicacion 60,Empleado 44,8211.01
Cliente 676,Gobierno,Ubicacion 70,Empleado 23,46769.43
Cliente 207,Corporativo,Ubicacion 88,Empleado 50,40301.36
Cliente 1326,Mediana Empresa,Ubicacion 12,Empleado 96,44189.75
Cliente 1176,Gobierno,Ubicacion 76,Empleado 14,4745.71
Cliente 853,Corporativo,Ubicacion 13,Empleado 42,11722.44
Cliente 944,Mediana Empresa,Ubicacion 73,Empleado 49,45683.79
Cliente 780,Corporativo,Ubicacion 56,Empleado 45,42620.06
Cliente 1900,Corporativo,Ubicacion 30,Empleado 48,8013.63
Cliente 21,Corporativo,Ubicacion 24,Empleado 45,47382.73
Cliente 170,Corporativo,Ubicacion 11,Empleado 82,41197.37
Cliente 1281,Corporativo,Ubicacion 11,Empleado 89,19468.90
Cliente 1348,Corporativo,Ubicacion 67,Empleado 23,38779.33
Cliente 1961,Gobierno,Ubicacion 92,Empleado 29,2604.90
Cliente 253,Mediana Empresa,Ubicacion 69,Empleado 54,36262.03
Cliente 1566,Corporativo,Ubicacion 13,Empleado 13,11772.36
Cliente 1363,Gobierno,Ubicacion 99,Empleado 7,41677.78
Cliente 1950,Mediana Empresa,Ubicacion 45,Empleado 79,17163.54
Cliente 1680,Gobierno,Ubicacion 80,Empleado 67,27316.50
Cliente 824,Corporativo,Ubicacion 98,Empleado 98,37016.15
Cliente 239,Corporativo,Ubicacion 30,Empleado 10,43451.55
Cliente 410,Corporativo,Ubicacion 26,Empleado 34,30703.43
Cliente 683,Corporativo,Ubicacion 53,Empleado 28,39921.63
Cliente 1727,Corporativo,Ubicacion 48,Empleado 42,1650.89
Cliente 1685,Corporativo,Ubicacion 24,Empleado 34,15803.29
Cliente 1791,Corporativo,Ubicacion 70,Empleado 62,1632.37
Cliente 707,Mediana Empresa,Ubicacion 95,Empleado 8,40297.12
Cliente 1471,Corporativo,Ubicacion 34,Empleado 27,17507.36
Cliente 657,Corporativo,Ubicacion 19,Empleado 71,44527.23
Cliente 211,Gobierno,Ubicacion 18,Empleado 43,48919.21
Cliente 20,Mediana Empresa,Ubicacion 25,Empleado 62,27470.06
Cliente 1474,Corporativo,Ubicacion 7,Empleado 13,7784.84
Cliente 750,Mediana Empresa,Ubicacion 8,Empleado 63,21330.27
Cliente 902,Gobierno,Ubicacion 94,Empleado 48,37938.61
Cliente 1646,Corporativo,Ubicacion 75,Empleado 34,3732.41
Cliente 1400,Corporativo,Ubicacion 56,Empleado 43,13125.89
Cliente 1686,Corporativo,Ubicacion 47,Empleado 42,43270.26
Cliente 1324,Mediana Empresa,Ubicacion 33,Empleado 7,17529.28
Cliente 1876,Gobierno,Ubicacion 92,Empleado 62,37221.12
Cliente 388,Corporativo,Ubicacion 30,Empleado 12,26486.85
Cliente 1100,Corporativo,Ubicacion 28,Empleado 25,36435.99
Cliente 304,Mediana Empresa,Ubicacion 45,Empleado 12,48436.67
Cliente 34,Mediana Empresa,Ubicacion 49,Empleado 77,40483.67
Cliente 596,Mediana Empresa,Ubicacion 35,Empleado 1,8278.31
Cliente 1941,Mediana Empresa,Ubicacion 49,Empleado 50,32664.11
Cliente 310,Corporativo,Ubicacion 42,Empleado 86,36767.82
Cliente 50,Gobierno,Ubicacion 70,Empleado 29,26205.76
Cliente 1030,Corporativo,Ubicacion 39,Empleado 71,13783.79
Cliente 1439,Corporativo,Ubicacion 92,Empleado 96,6500.75
Cliente 647,Corporativo,Ubicacion 97,Empleado 73,31327.04
Cliente 1744,Gobierno,Ubicacion 71,Empleado 73,45944.24
Cliente 1973,Gobierno,Ubicacion 42,Empleado 78,21644.17
Cliente 949,Corporativo,Ubicacion 3,Empleado 82,48974.00
Cliente 1839,Corporativo,Ubicacion 58,Empleado 19,12292.02
Cliente 872,Mediana Empresa,Ubicacion 81,Empleado 50,30714.51
Cliente 1808,Gobierno,Ubicacion 1,Empleado 67,28601.03
Cliente 1593,Gobierno,Ubicacion 67,Empleado 4,39810.98
Cliente 1679,Corporativo,Ubicacion 14,Empleado 45,33069.84
Cliente 1817,Gobierno,Ubicacion 82,Empleado 84,37384.67
Cliente 1103,Corporativo,Ubicacion 1,Empleado 10,32096.75
Cliente 215,Corporativo,Ubicacion 17,Empleado 12,30971.48
Cliente 1318,Corporativo,Ubicacion 76,Empleado 6,9009.74
Cliente 1634,Mediana Empresa,Ubicacion 75,Empleado 44,41640.05
Cliente 1132,Gobierno,Ubicacion 8,Empleado 80,35270.13
Cliente 1703,Mediana Empresa,Ubicacion 72,Empleado 10,42918.98
Cliente 1214,Mediana Empresa,Ubicacion 70,Empleado 98,15526.57
Cliente 1265,Mediana Empresa,Ubicacion 18,Empleado 70,38996.22
Cliente 205,Corporativo,Ubicacion 28,Empleado 77,34593.82
Cliente 1831,Corporativo,Ubicacion 30,Empleado 36,36407.16
Cliente 697,Corporativo,Ubicacion 3,Empleado 28,29587.75
Cliente 1561,Corporativo,Ubicacion 22,Empleado 74,27337.21
Cliente 1687,Mediana Empresa,Ubicacion 72,Empleado 51,8880.46
Cliente 138,Mediana Empresa,Ubicacion 42,Empleado 71,5471.46
Cliente 800,Corporativo,Ubicacion 44,Empleado 84,17355.12
Cliente 1930,Corporativo,Ubicacion 53,Empleado 37,38481.83
Cliente 1571,Corporativo,Ubicacion 99,Empleado 65,30645.50
Cliente 70,Corporativo,Ubicacion 67,Empleado 73,25864.06
Cliente 204,Gobierno,Ubicacion 27,Empleado 34,41822.19
Cliente 552,Gobierno,Ubicacion 12,Empleado 48,21055.06
Cliente 1937,Gobierno,Ubicacion 92,Empleado 41,24581.85
Cliente 278,Corporativo,Ubicacion 67,Empleado 55,31229.99
Cliente 1886,Mediana Empresa,Ubicacion 32,Empleado 57,31507.27
Cliente 1544,Mediana Empresa,Ubicacion 69,Empleado 71,26760.18
Cliente 11,Corporativo,Ubicacion 39,Empleado 27,37715.24
Cliente 1393,Gobierno,Ubicacion 67,Empleado 18,20604.08
Cliente 1792,Corporativo,Ubicacion 20,Empleado 68,5846.89
Cliente 1461,Corporativo,Ubicacion 28,Empleado 17,48453.58
Cliente 622,Gobierno,Ubicacion 21,Empleado 20,27988.46
Cliente 340,Gobierno,Ubicacion 86,Empleado 9,30719.79
Cliente 1240,Gobierno,Ubicacion 46,Empleado 54,20193.29
Cliente 1748,Corporativo,Ubicacion 91,Empleado 35,7490.11
Cliente 1218,Corporativo,Ubicacion 1,Empleado 9,30218.03
Cliente 1881,Corporativo,Ubicacion 55,Empleado 94,16936.58
Cliente 848,Corporativo,Ubicacion 3,Empleado 14,35139.87
Cliente 472,Corporativo,Ubicacion 37,Empleado 26,2471.02
Cliente 1760,Corporativo,Ubicacion 81,Empleado 84,20541.33
Cliente 358,Corporativo,Ubicacion 68,Empleado 5,25191.69
Cliente 202,Corporativo,Ubicacion 79,Empleado 14,31842.08
Cliente 651,Corporativo,Ubicacion 99,Empleado 70,5270.19
Cliente 875,Corporativo,Ubicacion 60,Empleado 31,41601.97
Cliente 1980,Corporativo,Ubicacion 44,Empleado 70,29113.29
Cliente 1877,Corporativo,Ubicacion 87,Empleado 16,32743.14
Cliente 755,Gobierno,Ubicacion 6,Empleado 84,48880.03
Cliente 1282,Corporativo,Ubicacion 86,Empleado 48,23741.01
Cliente 675,Corporativo,Ubicacion 25,Empleado 48,2931.80
