Nombre del Empleado,Cargo,Sucursal,TelÃ©fono
Empleado 84,Soporte,Stamford,32745313
Empleado 54,Ejecutivo de Ventas,Utica,31814422
Empleado 71,Gerente,Nashua,38011701
Empleado 46,Gerente,Stamford,34505622
Empleado 45,Ejecutivo de Ventas,Stamford,39972584
Empleado 40,Soporte,Nashua,39710432
Empleado 23,Soporte,Scranton,39863587
Empleado 81,Ejecutivo de Ventas,Stamford,31064726
Empleado 11,Ejecutivo de Ventas,Utica,39798796
Empleado 1,Gerente,Nashua,31612996
Empleado 19,Soporte,Stamford,31999278
Empleado 31,Ejecutivo de Ventas,Utica,33988344
Empleado 74,Ejecutivo de Ventas,Nashua,36540121
Empleado 34,Soporte,Stamford,35314478
Empleado 91,Gerente,Scranton,33909806
Empleado 5,Contabilidad,Nashua,36477082
Empleado 77,Soporte,Stamford,34105964
Empleado 78,Gerente,Scranton,35837192
Empleado 13,Gerente,Nashua,36528610
Empleado 32,Soporte,Utica,33919477
Empleado 56,Ejecutivo de Ventas,Scranton,38086439
Empleado 89,Gerente,Scranton,39785761
Empleado 27,Ejecutivo de Ventas,Scranton,33595908
Empleado 43,Soporte,Utica,31635334
Empleado 70,Ejecutivo de Ventas,Stamford,36422109
Empleado 16,Soporte,Utica,38806697
Empleado 41,Ejecutivo de Ventas,Scranton,34774338
Empleado 97,Gerente,Nashua,38155839
Empleado 10,Contabilidad,Utica,37199386
Empleado 73,Ejecutivo de Ventas,Stamford,33849670
Empleado 12,Gerente,Stamford,31653828
Empleado 48,Soporte,Scranton,34986171
Empleado 86,Contabilidad,Scranton,38974494
Empleado 29,Contabilidad,Stamford,36703736
Empleado 94,Soporte,Nashua,35839947
Empleado 6,Ejecutivo de Ventas,Utica,37763189
Empleado 67,Contabilidad,Nashua,39865807
Empleado 66,Soporte,Stamford,38802283
Empleado 36,Gerente,Scranton,36186504
Empleado 17,Soporte,Nashua,39860399
Empleado 50,Soporte,Scranton,33544387
Empleado 35,Gerente,Scranton,36597408
Empleado 8,Ejecutivo de Ventas,Nashua,33777708
Empleado 96,Contabilidad,Utica,31216106
Empleado 28,Ejecutivo de Ventas,Utica,36054548
Empleado 20,Contabilidad,Stamford,31618088
Empleado 82,Gerente,Utica,39612862
Empleado 26,Ejecutivo de Ventas,Stamford,33589840
Empleado 63,Soporte,Utica,38437991
Empleado 14,Soporte,Utica,35724981
Empleado 25,Contabilidad,Nashua,34912084
Empleado 4,Contabilidad,Nashua,32843370
Empleado 18,Gerente,Utica,39188527
Empleado 39,Contabilidad,Utica,33700551
Empleado 9,Soporte,Nashua,31995111
Empleado 79,Contabilidad,Stamford,36694448
Empleado 7,Soporte,Stamford,37026621
Empleado 65,Soporte,Nashua,34543797
Empleado 37,Ejecutivo de Ventas,Utica,36096083
Empleado 90,Soporte,Utica,38685443
Empleado 57,Ejecutivo de Ventas,Utica,31716266
Empleado 100,Gerente,Nashua,34867384
Empleado 55,Gerente,Stamford,38288098
Empleado 44,Ejecutivo de Ventas,Stamford,39169564
Empleado 51,Ejecutivo de Ventas,Utica,38454324
Empleado 68,Gerente,Stamford,33343637
Empleado 47,Gerente,Utica,32452174
Empleado 69,Gerente,Scranton,38015945
Empleado 62,Ejecutivo de Ventas,Stamford,31439659
Empleado 98,Contabilidad,Scranton,38404898
Empleado 80,Gerente,Utica,32141083
Empleado 42,Ejecutivo de Ventas,Scranton,33199910
Empleado 59,Gerente,Stamford,35776448
Empleado 49,Gerente,Scranton,38782413
Empleado 99,Contabilidad,Scranton,34368783
